"wizzy-result-product-item href","product-item-image src","product-item-image src 2","product-item-image src 3","product-item-sub-title","product-item-title","tooltip","tooltip 2","swatch-collection src","swatch-collection src 2","wizzy-product-item-price","tooltip 3","swatch-collection src 3","swatch-collection src 4","tooltip 4"
"https://www.westside.com/products/nuon-dark-grey-typographic-slim-fit-cotton-t-shirt-301029416?variant=44647372193845","https://cdn.shopify.com/s/files/1/0266/6276/4597/files/301029416GREY_1_800x.jpg?v=1755594199","https://cdn.shopify.com/s/files/1/0266/6276/4597/files/301029416GREY_2_800x.jpg?v=1755594199","https://cdn.shopify.com/s/files/1/0266/6276/4597/files/301029416GREY_3_800x.jpg?v=1755594199","Nuon","Nuon Dark Grey Typographic Slim-Fit Cotton T-Shirt","Dark Grey","White","https://www.westside.com/cdn/shop/products/301029416DarkGrey_5.jpg","https://www.westside.com/cdn/shop/products/301029416White_5.jpg","₹ 599.00","","","",""
"https://www.westside.com/products/nuon-white-ribbed-slim-fit-cotton-t-shirt-300968750?variant=42949214896181","https://cdn.shopify.com/s/files/1/0266/6276/4597/files/300968750WHITE_1_800x.jpg?v=1707730937","https://cdn.shopify.com/s/files/1/0266/6276/4597/files/300968750WHITE_2_800x.jpg?v=1707730937","https://cdn.shopify.com/s/files/1/0266/6276/4597/files/300968750WHITE_3_800x.jpg?v=1707730937","Nuon","Nuon White Ribbed Slim Fit Cotton T-Shirt","","","https://www.westside.com/cdn/shop/products/300968750Black_5.jpg","https://www.westside.com/cdn/shop/products/300968750White_5.jpg","₹ 499.00","","","",""
"https://www.westside.com/products/nuon-white-text-detailed-relaxed-fit-cotton-t-shirt-301029416?variant=44647316258869","https://cdn.shopify.com/s/files/1/0266/6276/4597/files/301029416WHITE_1_800x.jpg?v=1755594231","https://cdn.shopify.com/s/files/1/0266/6276/4597/files/301029416WHITE_2_800x.jpg?v=1755594231","https://cdn.shopify.com/s/files/1/0266/6276/4597/files/301029416WHITE_3_800x.jpg?v=1755594231","Nuon","Nuon White Text Detailed Relaxed-Fit Cotton T-Shirt","Dark Grey","White","https://www.westside.com/cdn/shop/products/301029416DarkGrey_5.jpg","https://www.westside.com/cdn/shop/products/301029416White_5.jpg","₹ 599.00","","","",""
"https://www.westside.com/products/nuon-black-ribbed-slim-fit-cotton-blend-t-shirt-300968750?variant=42949214666805","https://cdn.shopify.com/s/files/1/0266/6276/4597/files/300968750BLACK_1_800x.jpg?v=1707730937","https://cdn.shopify.com/s/files/1/0266/6276/4597/files/300968750BLACK_2_800x.jpg?v=1707730937","https://cdn.shopify.com/s/files/1/0266/6276/4597/files/300968750BLACK_3_800x.jpg?v=1707730937","Nuon","Nuon Black Ribbed Slim Fit Cotton-Blend T-Shirt","","","https://www.westside.com/cdn/shop/products/300968750Black_5.jpg","https://www.westside.com/cdn/shop/products/300968750White_5.jpg","₹ 499.00","","","",""
"https://www.westside.com/products/nuon-black-text-printed-relaxed-fit-cotton-blend-t-shirt-301029424?variant=44636879487029","https://cdn.shopify.com/s/files/1/0266/6276/4597/files/301029424BLACK_1_800x.jpg?v=1754475824","https://cdn.shopify.com/s/files/1/0266/6276/4597/files/301029424BLACK_2_800x.jpg?v=1754475823","https://cdn.shopify.com/s/files/1/0266/6276/4597/files/301029424BLACK_3_800x.jpg?v=1754475829","Nuon","Nuon Black Text Printed Relaxed-Fit Cotton-Blend T-Shirt","","","","","₹ 899.00","","","",""
"https://www.westside.com/products/nuon-black-abstract-design-relaxed-fit-cotton-t-shirt-301029425?variant=44647323598901","https://cdn.shopify.com/s/files/1/0266/6276/4597/files/301029425BLACK_1_800x.jpg?v=1755168423","https://cdn.shopify.com/s/files/1/0266/6276/4597/files/301029425BLACK_2_800x.jpg?v=1755168423","https://cdn.shopify.com/s/files/1/0266/6276/4597/files/301029425BLACK_3_800x.jpg?v=1755168430","Nuon","Nuon Black Abstract Design Relaxed-Fit Cotton T-Shirt","","","","","₹ 899.00","","","",""
"https://www.westside.com/products/nuon-dark-charcoal-text-printed-relaxed-fit-cotton-t-shirt-301029429?variant=44647328448565","https://cdn.shopify.com/s/files/1/0266/6276/4597/files/301029429BLACK_1_800x.jpg?v=1755168362","https://cdn.shopify.com/s/files/1/0266/6276/4597/files/301029429BLACK_2_800x.jpg?v=1755168380","https://cdn.shopify.com/s/files/1/0266/6276/4597/files/301029429BLACK_3_800x.jpg?v=1755168364","Nuon","Nuon Dark Charcoal Text Printed Relaxed-Fit Cotton T-Shirt","","","","","₹ 599.00","","","",""
"https://www.westside.com/products/nuon-emerald-green-typographic-relaxed-fit-cotton-t-shirt-301029422?variant=44647322419253","https://cdn.shopify.com/s/files/1/0266/6276/4597/files/301029422DARKGREEN_1_800x.jpg?v=1755168362","https://cdn.shopify.com/s/files/1/0266/6276/4597/files/301029422DARKGREEN_2_800x.jpg?v=1755168365","https://cdn.shopify.com/s/files/1/0266/6276/4597/files/301029422DARKGREEN_3_800x.jpg?v=1755168364","Nuon","Nuon Emerald Green Typographic Relaxed-Fit Cotton T-Shirt","","","","","₹ 899.00","","","",""
"https://www.westside.com/products/nuon-navy-graphic-printed-relaxed-fit-cotton-t-shirt-301029418?variant=44647320092725","https://cdn.shopify.com/s/files/1/0266/6276/4597/files/301029418PURPLE_1_800x.jpg?v=1755168362","https://cdn.shopify.com/s/files/1/0266/6276/4597/files/301029418PURPLE_2_800x.jpg?v=1755168362","https://cdn.shopify.com/s/files/1/0266/6276/4597/files/301029418PURPLE_3_800x.jpg?v=1755168363","Nuon","Nuon Navy Graphic Printed Relaxed-Fit Cotton T-Shirt","","","","","₹ 599.00","","","",""
"https://www.westside.com/products/nuon-off-white-relaxed-fit-cotton-blend-polo-t-shirt-301029421?variant=44647388250165","https://cdn.shopify.com/s/files/1/0266/6276/4597/files/301029421NAVY_2_800x.jpg?v=1756461222","https://cdn.shopify.com/s/files/1/0266/6276/4597/files/301029421NAVY_1_800x.jpg?v=1756461222","https://cdn.shopify.com/s/files/1/0266/6276/4597/files/301029421NAVY_3_800x.jpg?v=1755168425","Nuon","Nuon Off-White Relaxed-Fit Cotton-Blend Polo T-Shirt","","","","","₹ 1,499.00","","","",""
"https://www.westside.com/products/nuon-white-relaxed-fit-cotton-blend-polo-t-shirt-301029426?variant=44638386323509","https://cdn.shopify.com/s/files/1/0266/6276/4597/files/301029426WHITE_1_800x.jpg?v=1754560226","https://cdn.shopify.com/s/files/1/0266/6276/4597/files/301029426WHITE_2_800x.jpg?v=1754560226","https://cdn.shopify.com/s/files/1/0266/6276/4597/files/301029426WHITE_3_800x.jpg?v=1754560226","Nuon","Nuon White Relaxed-Fit Cotton-Blend Polo T-Shirt","","","","","₹ 1,499.00","","","",""
"https://www.westside.com/products/nuon-white-numerical-printed-relaxed-fit-t-shirt-301030757?variant=44636912418869","https://cdn.shopify.com/s/files/1/0266/6276/4597/files/301030757WHITE_1_800x.jpg?v=1754475794","https://cdn.shopify.com/s/files/1/0266/6276/4597/files/301030757WHITE_2_800x.jpg?v=1754475794","https://cdn.shopify.com/s/files/1/0266/6276/4597/files/301030757WHITE_3_800x.jpg?v=1754475794","Nuon","Nuon White Numerical Printed Relaxed-Fit T-Shirt","","","","","₹ 899.00","","","",""
"https://www.westside.com/products/nuon-white-printed-relaxed-fit-cotton-t-shirt-301029417?variant=44647323205685","https://cdn.shopify.com/s/files/1/0266/6276/4597/files/301029417WHITE_1_800x.jpg?v=1755168369","https://cdn.shopify.com/s/files/1/0266/6276/4597/files/301029417WHITE_2_800x.jpg?v=1755168369","https://cdn.shopify.com/s/files/1/0266/6276/4597/files/301029417WHITE_3_800x.jpg?v=1755168371","Nuon","Nuon White Printed Relaxed-Fit Cotton T-Shirt","","","","","₹ 599.00","","","",""
"https://www.westside.com/products/nuon-orange-text-pattern-relaxed-fit-cotton-t-shirt-301029430?variant=44647318159413","https://cdn.shopify.com/s/files/1/0266/6276/4597/files/301029430ORANGE_1_800x.jpg?v=1755168364","https://cdn.shopify.com/s/files/1/0266/6276/4597/files/301029430ORANGE_2_800x.jpg?v=1755168364","https://cdn.shopify.com/s/files/1/0266/6276/4597/files/301029430ORANGE_3_800x.jpg?v=1755168365","Nuon","Nuon Orange Text Pattern Relaxed-Fit Cotton T-Shirt","","","","","₹ 899.00","","","",""
"https://www.westside.com/products/nuon-blue-text-design-relaxed-fit-cotton-t-shirt-301022547?variant=44551738589237","https://cdn.shopify.com/s/files/1/0266/6276/4597/files/301022547COBALTBLUE_1_800x.jpg?v=1750158189","https://cdn.shopify.com/s/files/1/0266/6276/4597/files/301022547COBALTBLUE_2_800x.jpg?v=1750158188","https://cdn.shopify.com/s/files/1/0266/6276/4597/files/301022547COBALTBLUE_3_800x.jpg?v=1750158188","Nuon","Nuon Blue Text Design Relaxed-Fit Cotton T-Shirt","","","","","₹ 599.00","","","",""
"https://www.westside.com/products/nuon-navy-numerical-design-relaxed-fit-t-shirt-301030758?variant=44647326416949","https://cdn.shopify.com/s/files/1/0266/6276/4597/files/301030758BLUE_1_800x.jpg?v=1755168614","https://cdn.shopify.com/s/files/1/0266/6276/4597/files/301030758BLUE_2_800x.jpg?v=1755168612","https://cdn.shopify.com/s/files/1/0266/6276/4597/files/301030758BLUE_3_800x.jpg?v=1755168612","Nuon","Nuon Navy Numerical Design Relaxed-Fit T-Shirt","","","","","₹ 899.00","","","",""
"https://www.westside.com/products/nuon-blue-text-printed-relaxed-fit-t-shirt-301030756?variant=44647322255413","https://cdn.shopify.com/s/files/1/0266/6276/4597/files/301030756BLUE_1_800x.jpg?v=1755168674","https://cdn.shopify.com/s/files/1/0266/6276/4597/files/301030756BLUE_2_800x.jpg?v=1755168671","https://cdn.shopify.com/s/files/1/0266/6276/4597/files/301030756BLUE_3_800x.jpg?v=1755168675","Nuon","Nuon Blue Text Printed Relaxed-Fit T-Shirt","","","","","₹ 899.00","","","",""
"https://www.westside.com/products/nuon-brown-text-pattern-relaxed-fit-cotton-t-shirt-301022545?variant=44544387514421","https://cdn.shopify.com/s/files/1/0266/6276/4597/files/301022545BROWN_1_800x.jpg?v=1749709971","https://cdn.shopify.com/s/files/1/0266/6276/4597/files/301022545BROWN_2_800x.jpg?v=1749709964","https://cdn.shopify.com/s/files/1/0266/6276/4597/files/301022545BROWN_3_800x.jpg?v=1749709964","Nuon","Nuon Brown Text Pattern Relaxed-Fit Cotton T-Shirt","","","","","₹ 899.00","","","",""
"https://www.westside.com/products/nuon-sage-stripe-printed-relaxed-fit-t-shirt-301029428?variant=44594470223925","https://cdn.shopify.com/s/files/1/0266/6276/4597/files/301029428GREEN_1_800x.jpg?v=1753942520","https://cdn.shopify.com/s/files/1/0266/6276/4597/files/301029428GREEN_2_800x.jpg?v=1753942520","https://cdn.shopify.com/s/files/1/0266/6276/4597/files/301029428GREEN_3_800x.jpg?v=1753942520","Nuon","Nuon Sage Stripe Printed Relaxed-Fit T-Shirt","Sage","Blue","https://www.westside.com/cdn/shop/products/301029428Sage_5.jpg","https://www.westside.com/cdn/shop/products/301029428Blue_5.jpg","₹ 599.00","Dark Brown","https://www.westside.com/cdn/shop/products/301029428DarkBrown_5.jpg","",""
"https://www.westside.com/products/nuon-blue-stripe-printed-relaxed-fit-t-shirt-301029428?variant=44606067802165","https://cdn.shopify.com/s/files/1/0266/6276/4597/files/301029428LIGHTBLUE_1_800x.jpg?v=1753942519","https://cdn.shopify.com/s/files/1/0266/6276/4597/files/301029428LIGHTBLUE_2_800x.jpg?v=1753942519","https://cdn.shopify.com/s/files/1/0266/6276/4597/files/301029428LIGHTBLUE_3_800x.jpg?v=1753942519","Nuon","Nuon Blue Stripe Printed Relaxed-Fit T-Shirt","Sage","Blue","https://www.westside.com/cdn/shop/products/301029428Sage_5.jpg","https://www.westside.com/cdn/shop/products/301029428Blue_5.jpg","₹ 599.00","Dark Brown","https://www.westside.com/cdn/shop/products/301029428DarkBrown_5.jpg","",""
"https://www.westside.com/products/nuon-purple-stripe-relaxed-fit-cotton-t-shirt-301029427?variant=44636888465461","https://cdn.shopify.com/s/files/1/0266/6276/4597/files/301029427PURPLE_1_800x.jpg?v=1754475795","https://cdn.shopify.com/s/files/1/0266/6276/4597/files/301029427PURPLE_2_800x.jpg?v=1754475793","https://cdn.shopify.com/s/files/1/0266/6276/4597/files/301029427PURPLE_3_800x.jpg?v=1754475796","Nuon","Nuon Purple Stripe Relaxed-Fit Cotton T-Shirt","","","","","₹ 899.00","","","",""
"https://www.westside.com/products/wes-casuals-navy-solid-slim-fit-cotton-t-shirt-301031876?variant=44647812464693","https://cdn.shopify.com/s/files/1/0266/6276/4597/files/301031876NAVY_1_800x.jpg?v=1755594231","https://cdn.shopify.com/s/files/1/0266/6276/4597/files/301031876NAVY_2_800x.jpg?v=1755594231","https://cdn.shopify.com/s/files/1/0266/6276/4597/files/301031876NAVY_3_800x.jpg?v=1755594231","WES Casuals","WES Casuals Navy Solid Slim-Fit Cotton T-Shirt","Navy","Charcoal","https://www.westside.com/cdn/shop/products/301031876Navy_5.jpg","https://www.westside.com/cdn/shop/products/301031876Charcoal_5.jpg","₹ 399.00","","","",""
"https://www.westside.com/products/wes-casuals-indigo-relaxed-fit-cotton-blend-polo-t-shirt-301034614?variant=44658862293045","https://cdn.shopify.com/s/files/1/0266/6276/4597/files/301034614INDIGO_1_800x.jpg?v=1755771311","https://cdn.shopify.com/s/files/1/0266/6276/4597/files/301034614INDIGO_2_800x.jpg?v=1755771328","https://cdn.shopify.com/s/files/1/0266/6276/4597/files/301034614INDIGO_3_800x.jpg?v=1755771311","WES Casuals","WES Casuals Indigo Relaxed-Fit Cotton-Blend Polo T-Shirt","","","","","₹ 699.00","","","",""
"https://www.westside.com/products/wes-casuals-lavender-cotton-blend-relaxed-fit-polo-t-shirt-300925636?variant=42116780458037","https://cdn.shopify.com/s/files/1/0266/6276/4597/products/300925636VIOLET_3_800x.jpg?v=1700645332","https://cdn.shopify.com/s/files/1/0266/6276/4597/products/300925636VIOLET_2_800x.jpg?v=1700645332","https://cdn.shopify.com/s/files/1/0266/6276/4597/products/300925636VIOLET_1_800x.jpg?v=1700645332","WES Casuals","WES Casuals Lavender Cotton-Blend Relaxed-Fit Polo T-Shirt","Lavender","Maroon","https://www.westside.com/cdn/shop/products/300925636LightMint_5.jpg","https://www.westside.com/cdn/shop/products/300925636Yellow_5.jpg","₹ 699.00","","https://www.westside.com/cdn/shop/products/300925636Teal_5.jpg","https://www.westside.com/cdn/shop/products/300925636Lavender_5.jpg",""
"https://www.westside.com/products/wes-casuals-lilac-solid-slim-fit-cotton-t-shirt-301031419?variant=44647326941237","https://cdn.shopify.com/s/files/1/0266/6276/4597/files/301031419LILAC_1_800x.jpg?v=1755594198","https://cdn.shopify.com/s/files/1/0266/6276/4597/files/301031419LILAC_2_800x.jpg?v=1755594198","https://cdn.shopify.com/s/files/1/0266/6276/4597/files/301031419LILAC_3_800x.jpg?v=1755594198","WES Casuals","WES Casuals Lilac Solid Slim-Fit Cotton T-Shirt","Mustard","Off-White","https://www.westside.com/cdn/shop/products/301031419Mustard_5.jpg","https://www.westside.com/cdn/shop/products/301031419Off-White_5.jpg","₹ 399.00","Lilac","https://www.westside.com/cdn/shop/products/301031419Lilac_5.jpg","",""
"https://www.westside.com/products/wes-casuals-off-white-solid-slim-fit-cotton-t-shirt-301031419?variant=44647325466677","https://cdn.shopify.com/s/files/1/0266/6276/4597/files/301031419STONE_1_800x.jpg?v=1755594197","https://cdn.shopify.com/s/files/1/0266/6276/4597/files/301031419STONE_2_800x.jpg?v=1755594197","https://cdn.shopify.com/s/files/1/0266/6276/4597/files/301031419STONE_3_800x.jpg?v=1755594197","WES Casuals","WES Casuals Off-White Solid Slim-Fit Cotton T-Shirt","Mustard","Off-White","https://www.westside.com/cdn/shop/products/301031419Mustard_5.jpg","https://www.westside.com/cdn/shop/products/301031419Off-White_5.jpg","₹ 399.00","Lilac","https://www.westside.com/cdn/shop/products/301031419Lilac_5.jpg","",""
"https://www.westside.com/products/wes-casuals-charcoal-solid-slim-fit-cotton-t-shirt-301031876?variant=44647309770805","https://cdn.shopify.com/s/files/1/0266/6276/4597/files/301031876CHARCOAL_1_800x.jpg?v=1755594229","https://cdn.shopify.com/s/files/1/0266/6276/4597/files/301031876CHARCOAL_2_800x.jpg?v=1755594229","https://cdn.shopify.com/s/files/1/0266/6276/4597/files/301031876CHARCOAL_3_800x.jpg?v=1755594229","WES Casuals","WES Casuals Charcoal Solid Slim-Fit Cotton T-Shirt","Navy","Charcoal","https://www.westside.com/cdn/shop/products/301031876Navy_5.jpg","https://www.westside.com/cdn/shop/products/301031876Charcoal_5.jpg","₹ 399.00","","","",""
"https://www.westside.com/products/wes-casuals-brown-relaxed-fit-cotton-blend-polo-t-shirt-300989852?variant=43870409654325","https://cdn.shopify.com/s/files/1/0266/6276/4597/files/300989852BROWN_1_800x.jpg?v=1733990524","https://cdn.shopify.com/s/files/1/0266/6276/4597/files/300989852BROWN_2_800x.jpg?v=1733990524","https://cdn.shopify.com/s/files/1/0266/6276/4597/files/300989852BROWN_3_800x.jpg?v=1733990524","WES Casuals","WES Casuals Brown Relaxed-Fit Cotton-Blend Polo T-Shirt","Brown","","https://www.westside.com/cdn/shop/products/300989852Brown_5.jpg","https://www.westside.com/cdn/shop/products/300989852Blue_5.jpg","₹ 699.00","","","",""
"https://www.westside.com/products/wes-casuals-brown-solid-slim-fit-cotton-t-shirt-301008434?variant=44221036789813","https://cdn.shopify.com/s/files/1/0266/6276/4597/files/301008434BROWN_1_800x.jpg?v=1736329573","https://cdn.shopify.com/s/files/1/0266/6276/4597/files/301008434BROWN_2_800x.jpg?v=1736329573","https://cdn.shopify.com/s/files/1/0266/6276/4597/files/301008434BROWN_3_800x.jpg?v=1736329573","WES Casuals","WES Casuals Brown Solid Slim-Fit Cotton T-Shirt","","","","","₹ 399.00","","","",""
"https://www.westside.com/products/wes-casuals-black-solid-slim-fit-t-shirt-301008434?variant=44242637455413","https://cdn.shopify.com/s/files/1/0266/6276/4597/files/301008434BLACK_1_800x.jpg?v=1737355631","https://cdn.shopify.com/s/files/1/0266/6276/4597/files/301008434BLACK_2_800x.jpg?v=1737355631","https://cdn.shopify.com/s/files/1/0266/6276/4597/files/301008434BLACK_3_800x.jpg?v=1737355631","WES Casuals","WES Casuals Black Solid Slim-Fit T-Shirt","Sage","Black","https://www.westside.com/cdn/shop/products/301008434Sage_5.jpg","https://www.westside.com/cdn/shop/products/301008434Black_5.jpg","₹ 399.00","","","",""
"https://www.westside.com/products/wes-casuals-white-slim-fit-cotton-t-shirt-301008434?variant=44223920504885","https://cdn.shopify.com/s/files/1/0266/6276/4597/files/301008434WHITE_1_800x.jpg?v=1736432554","https://cdn.shopify.com/s/files/1/0266/6276/4597/files/301008434WHITE_2_800x.jpg?v=1736432560","https://cdn.shopify.com/s/files/1/0266/6276/4597/files/301008434WHITE_3_800x.jpg?v=1736432553","WES Casuals","WES Casuals White Slim-Fit Cotton T-Shirt","","","","","₹ 399.00","","","",""
"https://www.westside.com/products/wes-casuals-sage-solid-slim-fit-t-shirt-301008434?variant=44242633097269","https://cdn.shopify.com/s/files/1/0266/6276/4597/files/301008434JADEGREEN_1_800x.jpg?v=1737355631","https://cdn.shopify.com/s/files/1/0266/6276/4597/files/301008434JADEGREEN_2_800x.jpg?v=1737355631","https://cdn.shopify.com/s/files/1/0266/6276/4597/files/301008434JADEGREEN_3_800x.jpg?v=1737355631","WES Casuals","WES Casuals Sage Solid Slim-Fit T-Shirt","Sage","Black","https://www.westside.com/cdn/shop/products/301008434Sage_5.jpg","https://www.westside.com/cdn/shop/products/301008434Black_5.jpg","₹ 399.00","","","",""
"https://www.westside.com/products/wes-casuals-light-grey-slim-fit-cotton-t-shirt-301008434?variant=44223925452853","https://cdn.shopify.com/s/files/1/0266/6276/4597/files/301008434LTGREY_1_800x.jpg?v=1736432562","https://cdn.shopify.com/s/files/1/0266/6276/4597/files/301008434LTGREY_2_800x.jpg?v=1736432563","https://cdn.shopify.com/s/files/1/0266/6276/4597/files/301008434LTGREY_3_800x.jpg?v=1736432557","WES Casuals","WES Casuals Light Grey Slim-Fit Cotton T-Shirt","","","","","₹ 399.00","","","",""
"https://www.westside.com/products/wes-casuals-white-cotton-slim-fit-t-shirt-300871008?variant=40031071600693","https://cdn.shopify.com/s/files/1/0266/6276/4597/products/100001_300871008_092_2_800x.jpg?v=1700645300","https://cdn.shopify.com/s/files/1/0266/6276/4597/products/100001_300871008_092_1_800x.jpg?v=1700645300","https://cdn.shopify.com/s/files/1/0266/6276/4597/products/100001_300871008_092_4_800x.jpg?v=1700645300","WES Casuals","WES Casuals White Cotton Slim Fit T-Shirt","White","Black","https://www.westside.com/cdn/shop/products/300871008Maroon_5.jpg","https://www.westside.com/cdn/shop/products/300871008MustardMelange_5.jpg","₹ 399.00","","https://www.westside.com/cdn/shop/products/300871008White_5.jpg","https://www.westside.com/cdn/shop/products/300871008Black_5.jpg",""
"https://www.westside.com/products/wes-casuals-dusty-pink-solid-slim-fit-cotton-t-shirt-301008434?variant=44221036625973","https://cdn.shopify.com/s/files/1/0266/6276/4597/files/301008434ASHROSE_1_800x.jpg?v=1736326701","https://cdn.shopify.com/s/files/1/0266/6276/4597/files/301008434ASHROSE_2_800x.jpg?v=1736326701","https://cdn.shopify.com/s/files/1/0266/6276/4597/files/301008434ASHROSE_3_800x.jpg?v=1736326701","WES Casuals","WES Casuals Dusty Pink Solid Slim-Fit Cotton T-Shirt","","","","","₹ 399.00","","","",""
"https://www.westside.com/products/wes-casuals-maroon-cotton-blend-relaxed-fit-polo-t-shirt-300925636?variant=42116780851253","https://cdn.shopify.com/s/files/1/0266/6276/4597/products/300925636MAROON_3_800x.jpg?v=1700645333","https://cdn.shopify.com/s/files/1/0266/6276/4597/products/300925636-MAROON_3_800x.jpg?v=1700645333","https://cdn.shopify.com/s/files/1/0266/6276/4597/products/300925636MAROON_1_800x.jpg?v=1700645333","WES Casuals","WES Casuals Maroon Cotton-Blend Relaxed-Fit Polo T-Shirt","Lavender","Maroon","https://www.westside.com/cdn/shop/products/300925636LightMint_5.jpg","https://www.westside.com/cdn/shop/products/300925636Yellow_5.jpg","₹ 699.00","","https://www.westside.com/cdn/shop/products/300925636Teal_5.jpg","https://www.westside.com/cdn/shop/products/300925636Lavender_5.jpg",""
"https://www.westside.com/products/wes-casuals-black-plain-cotton-blend-relaxed-fit-t-shirt-300871008?variant=43895460790325","https://cdn.shopify.com/s/files/1/0266/6276/4597/files/300871008BLACK_1_800x.jpg?v=1733990514","https://cdn.shopify.com/s/files/1/0266/6276/4597/files/300871008BLACK_2_800x.jpg?v=1733990514","https://cdn.shopify.com/s/files/1/0266/6276/4597/files/300871008BLACK_3_800x.jpg?v=1733990514","WES Casuals","WES Casuals Black Plain Cotton-Blend Relaxed-Fit T-Shirt","White","Black","https://www.westside.com/cdn/shop/products/300871008Maroon_5.jpg","https://www.westside.com/cdn/shop/products/300871008MustardMelange_5.jpg","₹ 399.00","","https://www.westside.com/cdn/shop/products/300871008White_5.jpg","https://www.westside.com/cdn/shop/products/300871008Black_5.jpg",""
"https://www.westside.com/products/wes-casuals-dark-grey-relaxed-fit-cotton-blend-polo-t-shirt-301007874?variant=44281002295349","https://cdn.shopify.com/s/files/1/0266/6276/4597/files/301007874GREYGRINDLE_1_800x.jpg?v=1737633972","https://cdn.shopify.com/s/files/1/0266/6276/4597/files/301007874GREYGRINDLE_2_800x.jpg?v=1737633970","https://cdn.shopify.com/s/files/1/0266/6276/4597/files/301007874GREYGRINDLE_3_800x.jpg?v=1737633976","WES Casuals","WES Casuals Dark Grey Relaxed-Fit Cotton-Blend Polo T-Shirt","","","","","₹ 699.00","","","",""
"https://www.westside.com/products/wes-casuals-lilac-solid-slim-fit-cotton-t-shirt-301008434?variant=44221036953653","https://cdn.shopify.com/s/files/1/0266/6276/4597/files/301008434LILAC_1_800x.jpg?v=1736326684","https://cdn.shopify.com/s/files/1/0266/6276/4597/files/301008434LILAC_2_800x.jpg?v=1736326676","https://cdn.shopify.com/s/files/1/0266/6276/4597/files/301008434LILAC_3_800x.jpg?v=1736326768","WES Casuals","WES Casuals Lilac Solid Slim-Fit Cotton T-Shirt","","","","","₹ 399.00","","","",""
"https://www.westside.com/products/wes-casuals-sage-relaxed-fit-cotton-blend-polo-t-shirt-300988329?variant=43895462264885","https://cdn.shopify.com/s/files/1/0266/6276/4597/files/300988329SAGE_1_800x.jpg?v=1724925732","https://cdn.shopify.com/s/files/1/0266/6276/4597/files/300988329SAGE_2_800x.jpg?v=1724925675","https://cdn.shopify.com/s/files/1/0266/6276/4597/files/300988329SAGE_3_800x.jpg?v=1724927504","WES Casuals","WES Casuals Sage Relaxed-Fit Cotton-Blend Polo T-Shirt","Sage","","https://www.westside.com/cdn/shop/products/300988329RosePink_5.jpg","https://www.westside.com/cdn/shop/products/300988329Green_5.jpg","₹ 699.00","","https://www.westside.com/cdn/shop/products/300988329Olive_5.jpg","https://www.westside.com/cdn/shop/products/300988329Rust_5.jpg",""
"https://www.westside.com/products/studiofit-dusty-pink-relaxed-fit-quarter-zip-t-shirt-301022760?variant=44658860392501","https://cdn.shopify.com/s/files/1/0266/6276/4597/files/301022760MAUVE_1_800x.jpg?v=1756203090","https://cdn.shopify.com/s/files/1/0266/6276/4597/files/301022760MAUVE_2_800x.jpg?v=1756203090","https://cdn.shopify.com/s/files/1/0266/6276/4597/files/301022760MAUVE_3_800x.jpg?v=1756203090","Studiofit","Studiofit Dusty Pink Relaxed-Fit Quarter-Zip T-Shirt","Light Grey","Dusty Pink","https://www.westside.com/cdn/shop/products/301022760LightGrey_5.jpg","https://www.westside.com/cdn/shop/products/301022760DustyPink_5.jpg","₹ 1,299.00","","","",""
"https://www.westside.com/products/wes-casuals-wine-slim-fit-cotton-t-shirt-301008433?variant=44317289152565","https://cdn.shopify.com/s/files/1/0266/6276/4597/files/301008433WINEMELANGE_1_800x.jpg?v=1739865851","https://cdn.shopify.com/s/files/1/0266/6276/4597/files/301008433WINEMELANGE_2_800x.jpg?v=1739865851","https://cdn.shopify.com/s/files/1/0266/6276/4597/files/301008433WINEMELANGE_3_800x.jpg?v=1739865851","WES Casuals","WES Casuals Wine Slim-Fit Cotton T-Shirt","Wine","Olive","https://www.westside.com/cdn/shop/products/301008433Wine_5.jpg","https://www.westside.com/cdn/shop/products/301008433Olive_5.jpg","₹ 399.00","Dark Blue","https://www.westside.com/cdn/shop/products/301008433DarkBlue_5.jpg","https://www.westside.com/cdn/shop/products/301008433Beige_5.jpg","Beige"
"https://www.westside.com/products/eta-black-slim-fit-cotton-henley-t-shirt-301033707?variant=44647307837493","https://cdn.shopify.com/s/files/1/0266/6276/4597/files/301033707BLACK_1_800x.jpg?v=1755168822","https://cdn.shopify.com/s/files/1/0266/6276/4597/files/301033707BLACK_2_800x.jpg?v=1755168822","https://cdn.shopify.com/s/files/1/0266/6276/4597/files/301033707BLACK_3_800x.jpg?v=1755168822","ETA","ETA Black Slim-Fit Cotton Henley T-Shirt","","","","","₹ 899.00","","","",""
"https://www.westside.com/products/studiofit-light-grey-relaxed-fit-quarter-zip-t-shirt-301022760?variant=44658860228661","https://cdn.shopify.com/s/files/1/0266/6276/4597/files/301022760LIGHTGREY_1_800x.jpg?v=1756203090","https://cdn.shopify.com/s/files/1/0266/6276/4597/files/301022760LIGHTGREY_2_800x.jpg?v=1756203090","https://cdn.shopify.com/s/files/1/0266/6276/4597/files/301022760LIGHTGREY_3_800x.jpg?v=1756203090","Studiofit","Studiofit Light Grey Relaxed-Fit Quarter-Zip T-Shirt","Light Grey","Dusty Pink","https://www.westside.com/cdn/shop/products/301022760LightGrey_5.jpg","https://www.westside.com/cdn/shop/products/301022760DustyPink_5.jpg","₹ 999.00","","","",""
"https://www.westside.com/products/wes-lounge-white-striped-relaxed-fit-cotton-blend-t-shirt-301019756?variant=44658866356277","https://cdn.shopify.com/s/files/1/0266/6276/4597/files/301019756OFFWHITE_1_800x.jpg?v=1755771305","https://cdn.shopify.com/s/files/1/0266/6276/4597/files/301019756OFFWHITE_2_800x.jpg?v=1755771305","https://cdn.shopify.com/s/files/1/0266/6276/4597/files/301019756OFFWHITE_3_800x.jpg?v=1755771306","WES Lounge","WES Lounge White Striped Relaxed-Fit Cotton-Blend T-Shirt","","","","","₹ 599.00","","","",""
"https://www.westside.com/products/wes-formals-blue-knitted-slim-fit-t-shirt-301032703?variant=44658866651189","https://cdn.shopify.com/s/files/1/0266/6276/4597/files/301032703BLUE_1_800x.jpg?v=1756203090","https://cdn.shopify.com/s/files/1/0266/6276/4597/files/301032703BLUE_2_800x.jpg?v=1756203090","https://cdn.shopify.com/s/files/1/0266/6276/4597/files/301032703BLUE_3_800x.jpg?v=1756203090","WES Formals","WES Formals Blue Knitted Slim-Fit T-Shirt","Beige","Blue","https://www.westside.com/cdn/shop/products/301032703Beige_5.jpg","https://www.westside.com/cdn/shop/products/301032703Blue_5.jpg","₹ 899.00","Dark Brown","https://www.westside.com/cdn/shop/products/301032703DarkBrown_5.jpg","",""
"https://www.westside.com/products/wes-casuals-plain-beige-polo-neck-cotton-blend-relaxed-fit-t-shirt-300943042?variant=42494258348085","https://cdn.shopify.com/s/files/1/0266/6276/4597/files/300943042BEIGE_3_800x.jpg?v=1700645557","https://cdn.shopify.com/s/files/1/0266/6276/4597/files/300943042BEIGE_2_800x.jpg?v=1700645557","https://cdn.shopify.com/s/files/1/0266/6276/4597/files/300943042BEIGE_1_800x.jpg?v=1700645557","WES Casuals","WES Casuals Plain Beige Polo Neck Cotton-Blend Relaxed-Fit T-Shirt","Beige","","https://www.westside.com/cdn/shop/products/300943042Blue_5.jpg","https://www.westside.com/cdn/shop/products/300943042Cream_5.jpg","₹ 699.00","","https://www.westside.com/cdn/shop/products/300943042Mauve_5.jpg","https://www.westside.com/cdn/shop/products/300943042Beige_5.jpg",""
"https://www.westside.com/products/wes-formals-beige-solid-slim-fit-t-shirt-301032703?variant=44658864128053","https://cdn.shopify.com/s/files/1/0266/6276/4597/files/301032703STONE_1_800x.jpg?v=1756203090","https://cdn.shopify.com/s/files/1/0266/6276/4597/files/301032703STONE_2_800x.jpg?v=1756203090","https://cdn.shopify.com/s/files/1/0266/6276/4597/files/301032703STONE_3_800x.jpg?v=1756203090","WES Formals","WES Formals Beige Solid Slim-Fit T-Shirt","Beige","Blue","https://www.westside.com/cdn/shop/products/301032703Beige_5.jpg","https://www.westside.com/cdn/shop/products/301032703Blue_5.jpg","₹ 899.00","Dark Brown","https://www.westside.com/cdn/shop/products/301032703DarkBrown_5.jpg","",""
"https://www.westside.com/products/eta-white-slim-fit-cotton-henley-t-shirt-301033708?variant=44647311409205","https://cdn.shopify.com/s/files/1/0266/6276/4597/files/301033708OFFWHITE_1_800x.jpg?v=1755168823","https://cdn.shopify.com/s/files/1/0266/6276/4597/files/301033708OFFWHITE_2_800x.jpg?v=1755168823","https://cdn.shopify.com/s/files/1/0266/6276/4597/files/301033708OFFWHITE_3_800x.jpg?v=1755168824","ETA","ETA White Slim-Fit Cotton Henley T-Shirt","","","","","₹ 899.00","","","",""
"https://www.westside.com/products/studiofit-olive-text-quarter-zip-relaxed-fit-t-shirt-301026410?variant=44647378550837","https://cdn.shopify.com/s/files/1/0266/6276/4597/files/301026410OLIVE_1_800x.jpg?v=1755594229","https://cdn.shopify.com/s/files/1/0266/6276/4597/files/301026410OLIVE_2_800x.jpg?v=1755594229","https://cdn.shopify.com/s/files/1/0266/6276/4597/files/301026410OLIVE_3_800x.jpg?v=1755594229","Studiofit","Studiofit Olive Text Quarter-Zip Relaxed-Fit T-Shirt","Dark Grey","Olive","https://www.westside.com/cdn/shop/products/301026410DarkGrey_5.jpg","https://www.westside.com/cdn/shop/products/301026410Olive_5.jpg","₹ 1,299.00","","","",""
"https://www.westside.com/products/wes-casuals-wine-relaxed-fit-cotton-blend-polo-t-shirt-301030739?variant=44647326253109","https://cdn.shopify.com/s/files/1/0266/6276/4597/files/301030739WINE_1_800x.jpg?v=1755594230","https://cdn.shopify.com/s/files/1/0266/6276/4597/files/301030739WINE_2_800x.jpg?v=1755594230","https://cdn.shopify.com/s/files/1/0266/6276/4597/files/301030739WINE_3_800x.jpg?v=1755594230","WES Casuals","WES Casuals Wine Relaxed-Fit Cotton-Blend Polo T-Shirt","Navy","White","https://www.westside.com/cdn/shop/products/301030739Navy_5.jpg","https://www.westside.com/cdn/shop/products/301030739White_5.jpg","₹ 999.00","Wine","https://www.westside.com/cdn/shop/products/301030739Wine_5.jpg","https://www.westside.com/cdn/shop/products/301030739Sage_5.jpg","Sage"
"https://www.westside.com/products/wes-casuals-light-pink-relaxed-fit-cotton-blend-polo-t-shirt-301007874?variant=44221033775157","https://cdn.shopify.com/s/files/1/0266/6276/4597/files/301007874LTPINK_1_800x.jpg?v=1736326699","https://cdn.shopify.com/s/files/1/0266/6276/4597/files/301007874LTPINK_2_800x.jpg?v=1736326699","https://cdn.shopify.com/s/files/1/0266/6276/4597/files/301007874LTPINK_3_800x.jpg?v=1736326699","WES Casuals","WES Casuals Light Pink Relaxed-Fit Cotton-Blend Polo T-Shirt","","","","","₹ 699.00","","","",""
"https://www.westside.com/products/wes-lounge-teal-colour-blocked-relaxed-fit-t-shirt-301019759?variant=44647322746933","https://cdn.shopify.com/s/files/1/0266/6276/4597/files/301019759TEAL_1_800x.jpg?v=1755168116","https://cdn.shopify.com/s/files/1/0266/6276/4597/files/301019759TEAL_2_800x.jpg?v=1755168118","https://cdn.shopify.com/s/files/1/0266/6276/4597/files/301019759TEAL_3_800x.jpg?v=1755168134","WES Lounge","WES Lounge Teal Colour-Blocked Relaxed-Fit T-Shirt","","","","","₹ 599.00","","","",""
"https://www.westside.com/products/studiofit-beige-relaxed-fit-cotton-blend-polo-t-shirt-301027074?variant=44647305642037","https://cdn.shopify.com/s/files/1/0266/6276/4597/files/301027074BEIGE_1_800x.jpg?v=1755168116","https://cdn.shopify.com/s/files/1/0266/6276/4597/files/301027074BEIGE_2_800x.jpg?v=1755168117","https://cdn.shopify.com/s/files/1/0266/6276/4597/files/301027074BEIGE_3_800x.jpg?v=1755168118","Studiofit","Studiofit Beige Relaxed-Fit Cotton-Blend Polo T-Shirt","","","","","₹ 1,299.00","","","",""
"https://www.westside.com/products/wes-casuals-navy-relaxed-fit-cotton-blend-polo-t-shirt-301030739?variant=44647811612725","https://cdn.shopify.com/s/files/1/0266/6276/4597/files/301030739NAVY_1_800x.jpg?v=1755594229","https://cdn.shopify.com/s/files/1/0266/6276/4597/files/301030739NAVY_2_800x.jpg?v=1755594229","https://cdn.shopify.com/s/files/1/0266/6276/4597/files/301030739NAVY_3_800x.jpg?v=1755594229","WES Casuals","WES Casuals Navy Relaxed-Fit Cotton-Blend Polo T-Shirt","Navy","White","https://www.westside.com/cdn/shop/products/301030739Navy_5.jpg","https://www.westside.com/cdn/shop/products/301030739White_5.jpg","₹ 999.00","Wine","https://www.westside.com/cdn/shop/products/301030739Wine_5.jpg","https://www.westside.com/cdn/shop/products/301030739Sage_5.jpg","Sage"
"https://www.westside.com/products/wes-casuals-green-relaxed-fit-cotton-blend-polo-t-shirt-301031879?variant=44647319601205","https://cdn.shopify.com/s/files/1/0266/6276/4597/files/301031879FORESTGREEN_1_800x.jpg?v=1755594199","https://cdn.shopify.com/s/files/1/0266/6276/4597/files/301031879FORESTGREEN_2_800x.jpg?v=1755594199","https://cdn.shopify.com/s/files/1/0266/6276/4597/files/301031879FORESTGREEN_3_800x.jpg?v=1755594199","WES Casuals","WES Casuals Green Relaxed-Fit Cotton-Blend Polo T-Shirt","Navy","Teal","https://www.westside.com/cdn/shop/products/301031879Navy_5.jpg","https://www.westside.com/cdn/shop/products/301031879Teal_5.jpg","₹ 699.00","Green","https://www.westside.com/cdn/shop/products/301031879Green_5.jpg","https://www.westside.com/cdn/shop/products/301031879Lilac_5.jpg","Lilac"
"https://www.westside.com/products/wes-formals-dark-brown-solid-slim-fit-t-shirt-301032703?variant=44658865373237","https://cdn.shopify.com/s/files/1/0266/6276/4597/files/301032703DKBROWN_1_800x.jpg?v=1756203090","https://cdn.shopify.com/s/files/1/0266/6276/4597/files/301032703DKBROWN_2_800x.jpg?v=1756203090","https://cdn.shopify.com/s/files/1/0266/6276/4597/files/301032703DKBROWN_3_800x.jpg?v=1756203090","WES Formals","WES Formals Dark Brown Solid Slim-Fit T-Shirt","Beige","Blue","https://www.westside.com/cdn/shop/products/301032703Beige_5.jpg","https://www.westside.com/cdn/shop/products/301032703Blue_5.jpg","₹ 899.00","Dark Brown","https://www.westside.com/cdn/shop/products/301032703DarkBrown_5.jpg","",""
"https://www.westside.com/products/wes-formals-black-slim-fit-cotton-t-shirt-301008066?variant=44234574364725","https://cdn.shopify.com/s/files/1/0266/6276/4597/files/301008066BLACK_1_800x.jpg?v=1736828484","https://cdn.shopify.com/s/files/1/0266/6276/4597/files/301008066BLACK_2_800x.jpg?v=1736828488","https://cdn.shopify.com/s/files/1/0266/6276/4597/files/301008066BLACK_3_800x.jpg?v=1736828481","WES Formals","WES Formals Black Slim-Fit Cotton T-Shirt","","","","","₹ 899.00","","","",""
"https://www.westside.com/products/wes-casuals-off-white-relaxed-fit-cotton-blend-polo-t-shirt-301007874?variant=44197665046581","https://cdn.shopify.com/s/files/1/0266/6276/4597/files/301007874STONE_1_800x.jpg?v=1735271377","https://cdn.shopify.com/s/files/1/0266/6276/4597/files/301007874STONE_2_800x.jpg?v=1735271377","https://cdn.shopify.com/s/files/1/0266/6276/4597/files/301007874STONE_3_800x.jpg?v=1735271377","WES Casuals","WES Casuals Off-White Relaxed-Fit Cotton-Blend Polo T-Shirt","","","","","₹ 699.00","","","",""
"https://www.westside.com/products/eta-brown-knit-textured-relaxed-fit-polo-t-shirt-301031420?variant=44647328153653","https://cdn.shopify.com/s/files/1/0266/6276/4597/files/301031420BROWN_1_800x.jpg?v=1755594230","https://cdn.shopify.com/s/files/1/0266/6276/4597/files/301031420BROWN_2_800x.jpg?v=1755594230","https://cdn.shopify.com/s/files/1/0266/6276/4597/files/301031420BROWN_3_800x.jpg?v=1755594230","ETA","ETA Brown Knit-Textured Relaxed-Fit Polo T-Shirt","Dark Teal","Brown","https://www.westside.com/cdn/shop/products/301031420DarkTeal_5.jpg","https://www.westside.com/cdn/shop/products/301031420Brown_5.jpg","₹ 1,299.00","Off-White","https://www.westside.com/cdn/shop/products/301031420Off-White_5.jpg","https://www.westside.com/cdn/shop/products/301031420Beige_5.jpg","Beige"
"https://www.westside.com/products/wes-casuals-mustard-solid-slim-fit-cotton-t-shirt-301031419?variant=44647813840949","https://cdn.shopify.com/s/files/1/0266/6276/4597/files/301031419SAND_1_800x.jpg?v=1755594230","https://cdn.shopify.com/s/files/1/0266/6276/4597/files/301031419SAND_2_800x.jpg?v=1755594230","https://cdn.shopify.com/s/files/1/0266/6276/4597/files/301031419SAND_3_800x.jpg?v=1755594230","WES Casuals","WES Casuals Mustard Solid Slim-Fit Cotton T-Shirt","Mustard","Off-White","https://www.westside.com/cdn/shop/products/301031419Mustard_5.jpg","https://www.westside.com/cdn/shop/products/301031419Off-White_5.jpg","₹ 399.00","Lilac","https://www.westside.com/cdn/shop/products/301031419Lilac_5.jpg","",""
"https://www.westside.com/products/studiofit-teal-stripe-relaxed-fit-cotton-blend-polo-t-shirt-301027076?variant=44647315341365","https://cdn.shopify.com/s/files/1/0266/6276/4597/files/301027076TEAL_1_800x.jpg?v=1755168177","https://cdn.shopify.com/s/files/1/0266/6276/4597/files/301027076TEAL_2_800x.jpg?v=1755168177","https://cdn.shopify.com/s/files/1/0266/6276/4597/files/301027076TEAL_3_800x.jpg?v=1755168177","Studiofit","Studiofit Teal Stripe Relaxed-Fit Cotton-Blend Polo T-Shirt","","","","","₹ 1,299.00","","","",""
"https://www.westside.com/products/wes-casuals-navy-relaxed-fit-cotton-blend-polo-t-shirt-301031879?variant=44647812300853","https://cdn.shopify.com/s/files/1/0266/6276/4597/files/301031879NAVY_1_800x.jpg?v=1755594198","https://cdn.shopify.com/s/files/1/0266/6276/4597/files/301031879NAVY_2_800x.jpg?v=1755594198","https://cdn.shopify.com/s/files/1/0266/6276/4597/files/301031879NAVY_3_800x.jpg?v=1755594198","WES Casuals","WES Casuals Navy Relaxed-Fit Cotton-Blend Polo T-Shirt","Navy","Teal","https://www.westside.com/cdn/shop/products/301031879Navy_5.jpg","https://www.westside.com/cdn/shop/products/301031879Teal_5.jpg","₹ 699.00","Green","https://www.westside.com/cdn/shop/products/301031879Green_5.jpg","https://www.westside.com/cdn/shop/products/301031879Lilac_5.jpg","Lilac"
"https://www.westside.com/products/wes-casuals-olive-slim-fit-cotton-t-shirt-301008433?variant=44317292068917","https://cdn.shopify.com/s/files/1/0266/6276/4597/files/301008433SAGEMELANGE_1_800x.jpg?v=1739865885","https://cdn.shopify.com/s/files/1/0266/6276/4597/files/301008433SAGEMELANGE_2_800x.jpg?v=1739865885","https://cdn.shopify.com/s/files/1/0266/6276/4597/files/301008433SAGEMELANGE_3_800x.jpg?v=1739865885","WES Casuals","WES Casuals Olive Slim-Fit Cotton T-Shirt","Wine","Olive","https://www.westside.com/cdn/shop/products/301008433Wine_5.jpg","https://www.westside.com/cdn/shop/products/301008433Olive_5.jpg","₹ 399.00","Dark Blue","https://www.westside.com/cdn/shop/products/301008433DarkBlue_5.jpg","https://www.westside.com/cdn/shop/products/301008433Beige_5.jpg","Beige"
"https://www.westside.com/products/wes-casuals-beige-solid-slim-fit-cotton-t-shirt-301031875?variant=44647322091573","https://cdn.shopify.com/s/files/1/0266/6276/4597/files/301031875STONEMELANGE_1_800x.jpg?v=1755594199","https://cdn.shopify.com/s/files/1/0266/6276/4597/files/301031875STONEMELANGE_2_800x.jpg?v=1755594199","https://cdn.shopify.com/s/files/1/0266/6276/4597/files/301031875STONEMELANGE_3_800x.jpg?v=1755594199","WES Casuals","WES Casuals Beige Solid Slim-Fit Cotton T-Shirt","Indigo","Beige","https://www.westside.com/cdn/shop/products/301031875Indigo_5.jpg","https://www.westside.com/cdn/shop/products/301031875Beige_5.jpg","₹ 399.00","Wine","https://www.westside.com/cdn/shop/products/301031875Wine_5.jpg","https://www.westside.com/cdn/shop/products/301031875Olive_5.jpg","Olive"
"https://www.westside.com/products/eta-beige-self-textured-relaxed-fit-cotton-blend-t-shirt-301032462?variant=44647315177525","https://cdn.shopify.com/s/files/1/0266/6276/4597/files/301032462STONE_1_800x.jpg?v=1755168793","https://cdn.shopify.com/s/files/1/0266/6276/4597/files/301032462STONE_2_800x.jpg?v=1755168794","https://cdn.shopify.com/s/files/1/0266/6276/4597/files/301032462STONE_3_800x.jpg?v=1755168793","ETA","ETA Beige Self-Textured Relaxed-Fit Cotton-Blend T-Shirt","","","","","₹ 699.00","","","",""
"https://www.westside.com/products/wes-casuals-blue-relaxed-fit-cotton-blend-polo-t-shirt-301030740?variant=44647318683701","https://cdn.shopify.com/s/files/1/0266/6276/4597/files/301030740BLUE_1_800x.jpg?v=1755594198","https://cdn.shopify.com/s/files/1/0266/6276/4597/files/301030740BLUE_2_800x.jpg?v=1755594198","https://cdn.shopify.com/s/files/1/0266/6276/4597/files/301030740BLUE_3_800x.jpg?v=1755594198","WES Casuals","WES Casuals Blue Relaxed-Fit Cotton-Blend Polo T-Shirt","Blue","Navy","https://www.westside.com/cdn/shop/products/301030740Blue_5.jpg","https://www.westside.com/cdn/shop/products/301030740Navy_5.jpg","₹ 899.00","Brown","https://www.westside.com/cdn/shop/products/301030740Brown_5.jpg","https://www.westside.com/cdn/shop/products/301030740Beige_5.jpg","Beige"
"https://www.westside.com/products/ascot-navy-cable-knit-relaxed-fit-cotton-polo-t-shirt-301031714?variant=44638392451125","https://cdn.shopify.com/s/files/1/0266/6276/4597/files/301031714NAVY_1_800x.jpg?v=1754990329","https://cdn.shopify.com/s/files/1/0266/6276/4597/files/301031714NAVY_2_800x.jpg?v=1754990329","https://cdn.shopify.com/s/files/1/0266/6276/4597/files/301031714NAVY_3_800x.jpg?v=1754990329","Ascot","Ascot Navy Cable-Knit Relaxed-Fit Cotton Polo T-Shirt","White","Navy","https://www.westside.com/cdn/shop/products/301031714White_5.jpg","https://www.westside.com/cdn/shop/products/301031714Navy_5.jpg","₹ 1,499.00","","","",""
"https://www.westside.com/products/wes-casuals-navy-relaxed-fit-cotton-blend-polo-t-shirt-301030740?variant=44647325302837","https://cdn.shopify.com/s/files/1/0266/6276/4597/files/301030740NAVY_1_800x.jpg?v=1755594229","https://cdn.shopify.com/s/files/1/0266/6276/4597/files/301030740NAVY_2_800x.jpg?v=1755594229","https://cdn.shopify.com/s/files/1/0266/6276/4597/files/301030740NAVY_3_800x.jpg?v=1755594229","WES Casuals","WES Casuals Navy Relaxed-Fit Cotton-Blend Polo T-Shirt","Blue","Navy","https://www.westside.com/cdn/shop/products/301030740Blue_5.jpg","https://www.westside.com/cdn/shop/products/301030740Navy_5.jpg","₹ 899.00","Brown","https://www.westside.com/cdn/shop/products/301030740Brown_5.jpg","https://www.westside.com/cdn/shop/products/301030740Beige_5.jpg","Beige"
"https://www.westside.com/products/wes-casuals-teal-relaxed-fit-cotton-blend-polo-t-shirt-301031879?variant=44647813218357","https://cdn.shopify.com/s/files/1/0266/6276/4597/files/301031879MARINE_1_800x.jpg?v=1755594232","https://cdn.shopify.com/s/files/1/0266/6276/4597/files/301031879MARINE_2_800x.jpg?v=1755594232","https://cdn.shopify.com/s/files/1/0266/6276/4597/files/301031879MARINE_3_800x.jpg?v=1755594232","WES Casuals","WES Casuals Teal Relaxed-Fit Cotton-Blend Polo T-Shirt","Navy","Teal","https://www.westside.com/cdn/shop/products/301031879Navy_5.jpg","https://www.westside.com/cdn/shop/products/301031879Teal_5.jpg","₹ 699.00","Green","https://www.westside.com/cdn/shop/products/301031879Green_5.jpg","https://www.westside.com/cdn/shop/products/301031879Lilac_5.jpg","Lilac"
"https://www.westside.com/products/wes-lounge-green-self-relaxed-fit-cotton-blend-t-shirt-301019667?variant=44647812137013","https://cdn.shopify.com/s/files/1/0266/6276/4597/files/301019667DARKTEAL_1_800x.jpg?v=1755188088","https://cdn.shopify.com/s/files/1/0266/6276/4597/files/301019667DARKTEAL_2_800x.jpg?v=1755188091","https://cdn.shopify.com/s/files/1/0266/6276/4597/files/301019667DARKTEAL_3_800x.jpg?v=1755188095","WES Lounge","WES Lounge Green Self Relaxed-Fit Cotton-Blend T-Shirt","","","","","₹ 599.00","","","",""
"https://www.westside.com/products/wes-casuals-white-relaxed-fit-cotton-blend-polo-t-shirt-301030739?variant=44647814496309","https://cdn.shopify.com/s/files/1/0266/6276/4597/files/301030739OFFWHITE_1_800x.jpg?v=1755594229","https://cdn.shopify.com/s/files/1/0266/6276/4597/files/301030739OFFWHITE_2_800x.jpg?v=1755594229","https://cdn.shopify.com/s/files/1/0266/6276/4597/files/301030739OFFWHITE_3_800x.jpg?v=1755594229","WES Casuals","WES Casuals White Relaxed-Fit Cotton-Blend Polo T-Shirt","Navy","White","https://www.westside.com/cdn/shop/products/301030739Navy_5.jpg","https://www.westside.com/cdn/shop/products/301030739White_5.jpg","₹ 999.00","Wine","https://www.westside.com/cdn/shop/products/301030739Wine_5.jpg","https://www.westside.com/cdn/shop/products/301030739Sage_5.jpg","Sage"
"https://www.westside.com/products/wes-casuals-navy-relaxed-fit-cotton-blend-polo-t-shirt-301030122?variant=44647322583093","https://cdn.shopify.com/s/files/1/0266/6276/4597/files/301030122NAVY_1_800x.jpg?v=1755594199","https://cdn.shopify.com/s/files/1/0266/6276/4597/files/301030122NAVY_2_800x.jpg?v=1755594199","https://cdn.shopify.com/s/files/1/0266/6276/4597/files/301030122NAVY_3_800x.jpg?v=1755594199","WES Casuals","WES Casuals Navy Relaxed-Fit Cotton-Blend Polo T-Shirt","Navy","Beige","https://www.westside.com/cdn/shop/products/301030122Navy_5.jpg","https://www.westside.com/cdn/shop/products/301030122Beige_5.jpg","₹ 899.00","Sage","https://www.westside.com/cdn/shop/products/301030122Sage_5.jpg","https://www.westside.com/cdn/shop/products/301030122White_5.jpg","White"
"https://www.westside.com/products/wes-casuals-sage-relaxed-fit-cotton-blend-polo-t-shirt-301030122?variant=44647328284725","https://cdn.shopify.com/s/files/1/0266/6276/4597/files/301030122DARKSAGE_1_800x.jpg?v=1755594200","https://cdn.shopify.com/s/files/1/0266/6276/4597/files/301030122DARKSAGE_2_800x.jpg?v=1755594200","https://cdn.shopify.com/s/files/1/0266/6276/4597/files/301030122DARKSAGE_3_800x.jpg?v=1755594200","WES Casuals","WES Casuals Sage Relaxed-Fit Cotton-Blend Polo T-Shirt","Navy","Beige","https://www.westside.com/cdn/shop/products/301030122Navy_5.jpg","https://www.westside.com/cdn/shop/products/301030122Beige_5.jpg","₹ 899.00","Sage","https://www.westside.com/cdn/shop/products/301030122Sage_5.jpg","https://www.westside.com/cdn/shop/products/301030122White_5.jpg","White"
"https://www.westside.com/products/wes-casuals-olive-slim-fit-cotton-t-shirt-301031875?variant=44647309082677","https://cdn.shopify.com/s/files/1/0266/6276/4597/files/301031875SAGEMELANGE_1_800x.jpg?v=1755594200","https://cdn.shopify.com/s/files/1/0266/6276/4597/files/301031875SAGEMELANGE_2_800x.jpg?v=1755594200","https://cdn.shopify.com/s/files/1/0266/6276/4597/files/301031875SAGEMELANGE_3_800x.jpg?v=1755594200","WES Casuals","WES Casuals Olive Slim-Fit Cotton T-Shirt","Indigo","Beige","https://www.westside.com/cdn/shop/products/301031875Indigo_5.jpg","https://www.westside.com/cdn/shop/products/301031875Beige_5.jpg","₹ 399.00","Wine","https://www.westside.com/cdn/shop/products/301031875Wine_5.jpg","https://www.westside.com/cdn/shop/products/301031875Olive_5.jpg","Olive"
"https://www.westside.com/products/wes-casuals-indigo-solid-slim-fit-cotton-t-shirt-301031875?variant=44647307968565","https://cdn.shopify.com/s/files/1/0266/6276/4597/files/301031875INDIGOMELANGE_1_800x.jpg?v=1755594198","https://cdn.shopify.com/s/files/1/0266/6276/4597/files/301031875INDIGOMELANGE_2_800x.jpg?v=1755594198","https://cdn.shopify.com/s/files/1/0266/6276/4597/files/301031875INDIGOMELANGE_3_800x.jpg?v=1755594198","WES Casuals","WES Casuals Indigo Solid Slim-Fit Cotton T-Shirt","Indigo","Beige","https://www.westside.com/cdn/shop/products/301031875Indigo_5.jpg","https://www.westside.com/cdn/shop/products/301031875Beige_5.jpg","₹ 399.00","Wine","https://www.westside.com/cdn/shop/products/301031875Wine_5.jpg","https://www.westside.com/cdn/shop/products/301031875Olive_5.jpg","Olive"
"https://www.westside.com/products/wes-casuals-lilac-relaxed-fit-cotton-blend-polo-t-shirt-301031879?variant=44647319928885","https://cdn.shopify.com/s/files/1/0266/6276/4597/files/301031879LILAC_1_800x.jpg?v=1755594230","https://cdn.shopify.com/s/files/1/0266/6276/4597/files/301031879LILAC_2_800x.jpg?v=1755594230","https://cdn.shopify.com/s/files/1/0266/6276/4597/files/301031879LILAC_3_800x.jpg?v=1755594230","WES Casuals","WES Casuals Lilac Relaxed-Fit Cotton-Blend Polo T-Shirt","Navy","Teal","https://www.westside.com/cdn/shop/products/301031879Navy_5.jpg","https://www.westside.com/cdn/shop/products/301031879Teal_5.jpg","₹ 699.00","Green","https://www.westside.com/cdn/shop/products/301031879Green_5.jpg","https://www.westside.com/cdn/shop/products/301031879Lilac_5.jpg","Lilac"
"https://www.westside.com/products/eta-off-white-knitted-relaxed-fit-polo-t-shirt-301031420?variant=44647324450869","https://cdn.shopify.com/s/files/1/0266/6276/4597/files/301031420ECRU_1_800x.jpg?v=1755594198","https://cdn.shopify.com/s/files/1/0266/6276/4597/files/301031420ECRU_2_800x.jpg?v=1755594198","https://cdn.shopify.com/s/files/1/0266/6276/4597/files/301031420ECRU_3_800x.jpg?v=1755594198","ETA","ETA Off-White Knitted Relaxed-Fit Polo T-Shirt","Dark Teal","Brown","https://www.westside.com/cdn/shop/products/301031420DarkTeal_5.jpg","https://www.westside.com/cdn/shop/products/301031420Brown_5.jpg","₹ 1,299.00","Off-White","https://www.westside.com/cdn/shop/products/301031420Off-White_5.jpg","https://www.westside.com/cdn/shop/products/301031420Beige_5.jpg","Beige"
"https://www.westside.com/products/wes-casuals-navy-relaxed-fit-cotton-blend-polo-t-shirt-301027282?variant=44638465851445","https://cdn.shopify.com/s/files/1/0266/6276/4597/files/301027282NAVY_1_800x.jpg?v=1754990328","https://cdn.shopify.com/s/files/1/0266/6276/4597/files/301027282NAVY_2_800x.jpg?v=1754990328","https://cdn.shopify.com/s/files/1/0266/6276/4597/files/301027282NAVY_3_800x.jpg?v=1754990328","WES Casuals","WES Casuals Navy Relaxed-Fit Cotton-Blend Polo T-Shirt","White","Navy","https://www.westside.com/cdn/shop/products/301027282White_5.jpg","https://www.westside.com/cdn/shop/products/301027282Navy_5.jpg","₹ 999.00","Red","https://www.westside.com/cdn/shop/products/301027282Red_5.jpg","https://www.westside.com/cdn/shop/products/301027282Blue_5.jpg","Blue"
"https://www.westside.com/products/eta-navy-solid-relaxed-fit-cotton-t-shirt-301031421?variant=44647323074613","https://cdn.shopify.com/s/files/1/0266/6276/4597/files/301031421NAVY_1_800x.jpg?v=1755168731","https://cdn.shopify.com/s/files/1/0266/6276/4597/files/301031421NAVY_2_800x.jpg?v=1755168731","https://cdn.shopify.com/s/files/1/0266/6276/4597/files/301031421NAVY_3_800x.jpg?v=1755168733","ETA","ETA Navy Solid Relaxed-Fit Cotton T-Shirt","","","","","₹ 799.00","","","",""
"https://www.westside.com/products/ascot-brown-checkered-relaxed-fit-cotton-blend-t-shirt-301031712?variant=44638380621877","https://cdn.shopify.com/s/files/1/0266/6276/4597/files/301031712TAN_2_800x.jpg?v=1755929063","https://cdn.shopify.com/s/files/1/0266/6276/4597/files/301031712TAN_1_800x.jpg?v=1755929063","https://cdn.shopify.com/s/files/1/0266/6276/4597/files/301031712TAN_3_800x.jpg?v=1754990329","Ascot","Ascot Brown Checkered Relaxed-Fit Cotton-Blend T-Shirt","Brown","Beige","https://www.westside.com/cdn/shop/products/301031712Brown_5.jpg","https://www.westside.com/cdn/shop/products/301031712Beige_5.jpg","₹ 1,499.00","","","",""
"https://www.westside.com/products/ascot-white-cable-knit-relaxed-fit-cotton-polo-t-shirt-301031714?variant=44638367612981","https://cdn.shopify.com/s/files/1/0266/6276/4597/files/301031714OFFWHITE_1_800x.jpg?v=1754990329","https://cdn.shopify.com/s/files/1/0266/6276/4597/files/301031714OFFWHITE_2_800x.jpg?v=1754990329","https://cdn.shopify.com/s/files/1/0266/6276/4597/files/301031714OFFWHITE_3_800x.jpg?v=1754990329","Ascot","Ascot White Cable-Knit Relaxed-Fit Cotton Polo T-Shirt","White","Navy","https://www.westside.com/cdn/shop/products/301031714White_5.jpg","https://www.westside.com/cdn/shop/products/301031714Navy_5.jpg","₹ 1,499.00","","","",""
"https://www.westside.com/products/studiofit-dark-grey-relaxed-fit-quarter-zip-t-shirt-301026410?variant=44647304233013","https://cdn.shopify.com/s/files/1/0266/6276/4597/files/301026410DARKGREY_1_800x.jpg?v=1755594199","https://cdn.shopify.com/s/files/1/0266/6276/4597/files/301026410DARKGREY_2_800x.jpg?v=1755594199","https://cdn.shopify.com/s/files/1/0266/6276/4597/files/301026410DARKGREY_3_800x.jpg?v=1755594199","Studiofit","Studiofit Dark Grey Relaxed-Fit Quarter-Zip T-Shirt","Dark Grey","Olive","https://www.westside.com/cdn/shop/products/301026410DarkGrey_5.jpg","https://www.westside.com/cdn/shop/products/301026410Olive_5.jpg","₹ 1,299.00","","","",""
"https://www.westside.com/products/wes-casuals-wine-solid-slim-fit-cotton-t-shirt-301031875?variant=44647305805877","https://cdn.shopify.com/s/files/1/0266/6276/4597/files/301031875WINEMELANGE_1_800x.jpg?v=1755594230","https://cdn.shopify.com/s/files/1/0266/6276/4597/files/301031875WINEMELANGE_2_800x.jpg?v=1755594230","https://cdn.shopify.com/s/files/1/0266/6276/4597/files/301031875WINEMELANGE_3_800x.jpg?v=1755594230","WES Casuals","WES Casuals Wine Solid Slim-Fit Cotton T-Shirt","Indigo","Beige","https://www.westside.com/cdn/shop/products/301031875Indigo_5.jpg","https://www.westside.com/cdn/shop/products/301031875Beige_5.jpg","₹ 399.00","Wine","https://www.westside.com/cdn/shop/products/301031875Wine_5.jpg","https://www.westside.com/cdn/shop/products/301031875Olive_5.jpg","Olive"
"https://www.westside.com/products/wes-casuals-navy-floral-design-relaxed-fit-cotton-blend-polo-t-shirt-301018891?variant=44636904620085","https://cdn.shopify.com/s/files/1/0266/6276/4597/files/301018891NAVY_1_800x.jpg?v=1754475549","https://cdn.shopify.com/s/files/1/0266/6276/4597/files/301018891NAVY_2_800x.jpg?v=1754475549","https://cdn.shopify.com/s/files/1/0266/6276/4597/files/301018891NAVY_3_800x.jpg?v=1754475549","WES Casuals","WES Casuals Navy Floral Design Relaxed-Fit Cotton-Blend Polo T-Shirt","","","","","₹ 999.00","","","",""
"https://www.westside.com/products/wes-casuals-sage-relaxed-fit-cotton-blend-polo-t-shirt-301030739?variant=44647809777717","https://cdn.shopify.com/s/files/1/0266/6276/4597/files/301030739SAGE_1_800x.jpg?v=1755594229","https://cdn.shopify.com/s/files/1/0266/6276/4597/files/301030739SAGE_2_800x.jpg?v=1755594229","https://cdn.shopify.com/s/files/1/0266/6276/4597/files/301030739SAGE_3_800x.jpg?v=1755594229","WES Casuals","WES Casuals Sage Relaxed-Fit Cotton-Blend Polo T-Shirt","Navy","White","https://www.westside.com/cdn/shop/products/301030739Navy_5.jpg","https://www.westside.com/cdn/shop/products/301030739White_5.jpg","₹ 999.00","Wine","https://www.westside.com/cdn/shop/products/301030739Wine_5.jpg","https://www.westside.com/cdn/shop/products/301030739Sage_5.jpg","Sage"
"https://www.westside.com/products/wes-casuals-red-relaxed-fit-cotton-blend-polo-t-shirt-301027282?variant=44638463131701","https://cdn.shopify.com/s/files/1/0266/6276/4597/files/301027282RED_1_800x.jpg?v=1754990329","https://cdn.shopify.com/s/files/1/0266/6276/4597/files/301027282RED_2_800x.jpg?v=1754990329","https://cdn.shopify.com/s/files/1/0266/6276/4597/files/301027282RED_3_800x.jpg?v=1754990329","WES Casuals","WES Casuals Red Relaxed-Fit Cotton-Blend Polo T-Shirt","White","Navy","https://www.westside.com/cdn/shop/products/301027282White_5.jpg","https://www.westside.com/cdn/shop/products/301027282Navy_5.jpg","₹ 999.00","Red","https://www.westside.com/cdn/shop/products/301027282Red_5.jpg","https://www.westside.com/cdn/shop/products/301027282Blue_5.jpg","Blue"
"https://www.westside.com/products/wes-casuals-beige-relaxed-fit-cotton-blend-polo-t-shirt-301030122?variant=44647325597749","https://cdn.shopify.com/s/files/1/0266/6276/4597/files/301030122STONE_1_800x.jpg?v=1755594199","https://cdn.shopify.com/s/files/1/0266/6276/4597/files/301030122STONE_2_800x.jpg?v=1755594199","https://cdn.shopify.com/s/files/1/0266/6276/4597/files/301030122STONE_3_800x.jpg?v=1755594199","WES Casuals","WES Casuals Beige Relaxed-Fit Cotton-Blend Polo T-Shirt","Navy","Beige","https://www.westside.com/cdn/shop/products/301030122Navy_5.jpg","https://www.westside.com/cdn/shop/products/301030122Beige_5.jpg","₹ 899.00","Sage","https://www.westside.com/cdn/shop/products/301030122Sage_5.jpg","https://www.westside.com/cdn/shop/products/301030122White_5.jpg","White"
"https://www.westside.com/products/wes-casuals-brown-relaxed-fit-cotton-blend-polo-t-shirt-301030740?variant=44647321403445","https://cdn.shopify.com/s/files/1/0266/6276/4597/files/301030740BROWN_1_800x.jpg?v=1755594199","https://cdn.shopify.com/s/files/1/0266/6276/4597/files/301030740BROWN_2_800x.jpg?v=1755594199","https://cdn.shopify.com/s/files/1/0266/6276/4597/files/301030740BROWN_3_800x.jpg?v=1755594199","WES Casuals","WES Casuals Brown Relaxed-Fit Cotton-Blend Polo T-Shirt","Blue","Navy","https://www.westside.com/cdn/shop/products/301030740Blue_5.jpg","https://www.westside.com/cdn/shop/products/301030740Navy_5.jpg","₹ 899.00","Brown","https://www.westside.com/cdn/shop/products/301030740Brown_5.jpg","https://www.westside.com/cdn/shop/products/301030740Beige_5.jpg","Beige"
"https://www.westside.com/products/wes-casuals-white-relaxed-fit-cotton-blend-polo-t-shirt-301030122?variant=44647320911925","https://cdn.shopify.com/s/files/1/0266/6276/4597/files/301030122OFFWHITE_1_800x.jpg?v=1755594196","https://cdn.shopify.com/s/files/1/0266/6276/4597/files/301030122OFFWHITE_2_800x.jpg?v=1755594196","https://cdn.shopify.com/s/files/1/0266/6276/4597/files/301030122OFFWHITE_3_800x.jpg?v=1755594196","WES Casuals","WES Casuals White Relaxed-Fit Cotton-Blend Polo T-Shirt","Navy","Beige","https://www.westside.com/cdn/shop/products/301030122Navy_5.jpg","https://www.westside.com/cdn/shop/products/301030122Beige_5.jpg","₹ 899.00","Sage","https://www.westside.com/cdn/shop/products/301030122Sage_5.jpg","https://www.westside.com/cdn/shop/products/301030122White_5.jpg","White"
"https://www.westside.com/products/wes-casuals-beige-slim-fit-cotton-t-shirt-301008434?variant=44223921225781","https://cdn.shopify.com/s/files/1/0266/6276/4597/files/301008434STONE_1_800x.jpg?v=1736432524","https://cdn.shopify.com/s/files/1/0266/6276/4597/files/301008434STONE_2_800x.jpg?v=1736432526","https://cdn.shopify.com/s/files/1/0266/6276/4597/files/301008434STONE_3_800x.jpg?v=1736432525","WES Casuals","WES Casuals Beige Slim-Fit Cotton T-Shirt","","","","","₹ 399.00","","","",""
"https://www.westside.com/products/wes-casuals-light-beige-embroidered-relaxed-fit-cotton-blend-polo-t-shirt-301018893?variant=44636904783925","https://cdn.shopify.com/s/files/1/0266/6276/4597/files/301018893STONE_1_800x.jpg?v=1754475555","https://cdn.shopify.com/s/files/1/0266/6276/4597/files/301018893STONE_2_800x.jpg?v=1754475550","https://cdn.shopify.com/s/files/1/0266/6276/4597/files/301018893STONE_3_800x.jpg?v=1754475551","WES Casuals","WES Casuals Light Beige Embroidered Relaxed-Fit Cotton-Blend Polo T-Shirt","","","","","₹ 999.00","","","",""
"https://www.westside.com/products/wes-casuals-beige-relaxed-fit-cotton-blend-polo-t-shirt-301030740?variant=44647327268917","https://cdn.shopify.com/s/files/1/0266/6276/4597/files/301030740BEIGE_1_800x.jpg?v=1755594229","https://cdn.shopify.com/s/files/1/0266/6276/4597/files/301030740BEIGE_2_800x.jpg?v=1755594229","https://cdn.shopify.com/s/files/1/0266/6276/4597/files/301030740BEIGE_3_800x.jpg?v=1755594229","WES Casuals","WES Casuals Beige Relaxed-Fit Cotton-Blend Polo T-Shirt","Blue","Navy","https://www.westside.com/cdn/shop/products/301030740Blue_5.jpg","https://www.westside.com/cdn/shop/products/301030740Navy_5.jpg","₹ 899.00","Brown","https://www.westside.com/cdn/shop/products/301030740Brown_5.jpg","https://www.westside.com/cdn/shop/products/301030740Beige_5.jpg","Beige"
"https://www.westside.com/products/eta-white-solid-relaxed-fit-cotton-t-shirt-301032877?variant=44647313244213","https://cdn.shopify.com/s/files/1/0266/6276/4597/files/301032877OFFWHITE_1_800x.jpg?v=1755168800","https://cdn.shopify.com/s/files/1/0266/6276/4597/files/301032877OFFWHITE_2_800x.jpg?v=1755168799","https://cdn.shopify.com/s/files/1/0266/6276/4597/files/301032877OFFWHITE_3_800x.jpg?v=1755168800","ETA","ETA White Solid Relaxed-Fit Cotton T-Shirt","","","","","₹ 799.00","","","",""
"https://www.westside.com/products/wes-casuals-beige-relaxed-fit-cotton-blend-polo-t-shirt-301031880?variant=44647324090421","https://cdn.shopify.com/s/files/1/0266/6276/4597/files/301031880BEIGE_1_800x.jpg?v=1755168680","https://cdn.shopify.com/s/files/1/0266/6276/4597/files/301031880BEIGE_2_800x.jpg?v=1755168680","https://cdn.shopify.com/s/files/1/0266/6276/4597/files/301031880BEIGE_3_800x.jpg?v=1755168680","WES Casuals","WES Casuals Beige Relaxed-Fit Cotton-Blend Polo T-Shirt","","","","","₹ 699.00","","","",""
"https://www.westside.com/products/wes-lounge-navy-striped-relaxed-fit-cotton-blend-t-shirt-301027847?variant=44647322910773","https://cdn.shopify.com/s/files/1/0266/6276/4597/files/301027847NAVY_1_800x.jpg?v=1755168296","https://cdn.shopify.com/s/files/1/0266/6276/4597/files/301027847NAVY_2_800x.jpg?v=1755168296","https://cdn.shopify.com/s/files/1/0266/6276/4597/files/301027847NAVY_3_800x.jpg?v=1755168296","WES Lounge","WES Lounge Navy Striped Relaxed-Fit Cotton-Blend T-Shirt","","","","","₹ 599.00","","","",""
"https://www.westside.com/products/studiofit-navy-relaxed-fit-cotton-blend-t-shirt-301032080?variant=44638391009333","https://cdn.shopify.com/s/files/1/0266/6276/4597/files/301032080NAVY_1_800x.jpg?v=1754559730","https://cdn.shopify.com/s/files/1/0266/6276/4597/files/301032080NAVY_2_800x.jpg?v=1754559741","https://cdn.shopify.com/s/files/1/0266/6276/4597/files/301032080NAVY_3_800x.jpg?v=1754559730","Studiofit","Studiofit Navy Relaxed-Fit Cotton-Blend T-Shirt","","","","","₹ 899.00","","","",""
"https://www.westside.com/products/studiofit-white-printed-relaxed-fit-cotton-blend-t-shirt-301032079?variant=44638370529333","https://cdn.shopify.com/s/files/1/0266/6276/4597/files/301032079OFFWHITE_1_800x.jpg?v=1754559726","https://cdn.shopify.com/s/files/1/0266/6276/4597/files/301032079OFFWHITE_2_800x.jpg?v=1754559724","https://cdn.shopify.com/s/files/1/0266/6276/4597/files/301032079OFFWHITE_3_800x.jpg?v=1754559725","Studiofit","Studiofit White Printed Relaxed-Fit Cotton-Blend T-Shirt","","","","","₹ 899.00","","","",""
"https://www.westside.com/products/wes-casuals-beige-stripe-relaxed-fit-t-shirt-301015421?variant=44638460739637","https://cdn.shopify.com/s/files/1/0266/6276/4597/files/301015421TAUPE_1_800x.jpg?v=1754990328","https://cdn.shopify.com/s/files/1/0266/6276/4597/files/301015421TAUPE_2_800x.jpg?v=1754990328","https://cdn.shopify.com/s/files/1/0266/6276/4597/files/301015421TAUPE_3_800x.jpg?v=1754990328","WES Casuals","WES Casuals Beige Stripe Relaxed-Fit T-Shirt","Light Blue","Navy","https://www.westside.com/cdn/shop/products/301015421LightBlue_5.jpg","https://www.westside.com/cdn/shop/products/301015421Navy_5.jpg","₹ 699.00","Dark Blue","https://www.westside.com/cdn/shop/products/301015421DarkBlue_5.jpg","https://www.westside.com/cdn/shop/products/301015421Beige_5.jpg","Beige"
"https://www.westside.com/products/ascot-beige-cable-knit-relaxed-fit-cotton-polo-t-shirt-301035548?variant=44638386782261","https://cdn.shopify.com/s/files/1/0266/6276/4597/files/301035548CAMEL_1_800x.jpg?v=1754559762","https://cdn.shopify.com/s/files/1/0266/6276/4597/files/301035548CAMEL_2_800x.jpg?v=1754559761","https://cdn.shopify.com/s/files/1/0266/6276/4597/files/301035548CAMEL_3_800x.jpg?v=1754559778","Ascot","Ascot Beige Cable-Knit Relaxed-Fit Cotton Polo T-Shirt","","","","","₹ 1,499.00","","","",""
"https://www.westside.com/products/wes-lounge-white-striped-relaxed-fit-cotton-blend-t-shirt-301019753?variant=44647305347125","https://cdn.shopify.com/s/files/1/0266/6276/4597/files/301019753BEIGE_1_800x.jpg?v=1755168296","https://cdn.shopify.com/s/files/1/0266/6276/4597/files/301019753BEIGE_2_800x.jpg?v=1755168297","https://cdn.shopify.com/s/files/1/0266/6276/4597/files/301019753BEIGE_3_800x.jpg?v=1755168297","WES Lounge","WES Lounge White Striped Relaxed-Fit Cotton-Blend T-Shirt","","","","","₹ 599.00","","","",""
"https://www.westside.com/products/studiofit-white-typographic-relaxed-fit-cotton-blend-t-shirt-301022750?variant=44636887056437","https://cdn.shopify.com/s/files/1/0266/6276/4597/files/301022750OFFWHITE_1_800x.jpg?v=1754990328","https://cdn.shopify.com/s/files/1/0266/6276/4597/files/301022750OFFWHITE_2_800x.jpg?v=1754990328","https://cdn.shopify.com/s/files/1/0266/6276/4597/files/301022750OFFWHITE_3_800x.jpg?v=1754990328","Studiofit","Studiofit White Typographic Relaxed-Fit Cotton-Blend T-Shirt","Mauve","White","https://www.westside.com/cdn/shop/products/301022750Mauve_5.jpg","https://www.westside.com/cdn/shop/products/301022750White_5.jpg","₹ 899.00","","","",""
"https://www.westside.com/products/wes-casuals-navy-stripe-relaxed-fit-t-shirt-301015421?variant=44638465294389","https://cdn.shopify.com/s/files/1/0266/6276/4597/files/301015421NAVY_1_800x.jpg?v=1754990345","https://cdn.shopify.com/s/files/1/0266/6276/4597/files/301015421NAVY_2_800x.jpg?v=1754990345","https://cdn.shopify.com/s/files/1/0266/6276/4597/files/301015421NAVY_3_800x.jpg?v=1754990345","WES Casuals","WES Casuals Navy Stripe Relaxed-Fit T-Shirt","Light Blue","Navy","https://www.westside.com/cdn/shop/products/301015421LightBlue_5.jpg","https://www.westside.com/cdn/shop/products/301015421Navy_5.jpg","₹ 699.00","Dark Blue","https://www.westside.com/cdn/shop/products/301015421DarkBlue_5.jpg","https://www.westside.com/cdn/shop/products/301015421Beige_5.jpg","Beige"
"https://www.westside.com/products/nuon-yellow-embroidered-relaxed-fit-cotton-t-shirt-301029419?variant=44647326089269","https://cdn.shopify.com/s/files/1/0266/6276/4597/files/301029419YELLOW_1_800x.jpg?v=1755168423","https://cdn.shopify.com/s/files/1/0266/6276/4597/files/301029419YELLOW_2_800x.jpg?v=1755168423","https://cdn.shopify.com/s/files/1/0266/6276/4597/files/301029419YELLOW_3_800x.jpg?v=1755168422","Nuon","Nuon Yellow Embroidered Relaxed-Fit Cotton T-Shirt","","","","","₹ 599.00","","","",""
"https://www.westside.com/products/wes-casuals-dark-blue-stripe-relaxed-fit-t-shirt-301015421?variant=44638462672949","https://cdn.shopify.com/s/files/1/0266/6276/4597/files/301015421GREEN_1_800x.jpg?v=1754990329","https://cdn.shopify.com/s/files/1/0266/6276/4597/files/301015421GREEN_2_800x.jpg?v=1754990329","https://cdn.shopify.com/s/files/1/0266/6276/4597/files/301015421GREEN_3_800x.jpg?v=1754990329","WES Casuals","WES Casuals Dark Blue Stripe Relaxed-Fit T-Shirt","Light Blue","Navy","https://www.westside.com/cdn/shop/products/301015421LightBlue_5.jpg","https://www.westside.com/cdn/shop/products/301015421Navy_5.jpg","₹ 699.00","Dark Blue","https://www.westside.com/cdn/shop/products/301015421DarkBlue_5.jpg","https://www.westside.com/cdn/shop/products/301015421Beige_5.jpg","Beige"
"https://www.westside.com/products/wes-casuals-navy-popcorn-textured-relaxed-fit-polo-t-shirt-301027281?variant=44638369873973","https://cdn.shopify.com/s/files/1/0266/6276/4597/files/301027281NAVY_1_800x.jpg?v=1754990328","https://cdn.shopify.com/s/files/1/0266/6276/4597/files/301027281NAVY_2_800x.jpg?v=1754990328","https://cdn.shopify.com/s/files/1/0266/6276/4597/files/301027281NAVY_3_800x.jpg?v=1754990328","WES Casuals","WES Casuals Navy Popcorn Textured Relaxed-Fit Polo T-Shirt","Navy","White","https://www.westside.com/cdn/shop/products/301027281Navy_5.jpg","https://www.westside.com/cdn/shop/products/301027281White_5.jpg","₹ 999.00","Beige","https://www.westside.com/cdn/shop/products/301027281Beige_5.jpg","https://www.westside.com/cdn/shop/products/301027281Teal_5.jpg","Teal"
"https://www.westside.com/products/wes-casuals-blue-relaxed-fit-cotton-blend-polo-t-shirt-301027282?variant=44638461493301","https://cdn.shopify.com/s/files/1/0266/6276/4597/files/301027282BLUE_1_800x.jpg?v=1754990329","https://cdn.shopify.com/s/files/1/0266/6276/4597/files/301027282BLUE_2_800x.jpg?v=1754990329","https://cdn.shopify.com/s/files/1/0266/6276/4597/files/301027282BLUE_3_800x.jpg?v=1754990329","WES Casuals","WES Casuals Blue Relaxed-Fit Cotton-Blend Polo T-Shirt","White","Navy","https://www.westside.com/cdn/shop/products/301027282White_5.jpg","https://www.westside.com/cdn/shop/products/301027282Navy_5.jpg","₹ 999.00","Red","https://www.westside.com/cdn/shop/products/301027282Red_5.jpg","https://www.westside.com/cdn/shop/products/301027282Blue_5.jpg","Blue"
"https://www.westside.com/products/studiofit-mauve-typographic-relaxed-fit-cotton-blend-t-shirt-301022750?variant=44636902391861","https://cdn.shopify.com/s/files/1/0266/6276/4597/files/301022750MAUVE_1_800x.jpg?v=1754990330","https://cdn.shopify.com/s/files/1/0266/6276/4597/files/301022750MAUVE_2_800x.jpg?v=1754990330","https://cdn.shopify.com/s/files/1/0266/6276/4597/files/301022750MAUVE_3_800x.jpg?v=1754990330","Studiofit","Studiofit Mauve Typographic Relaxed-Fit Cotton-Blend T-Shirt","Mauve","White","https://www.westside.com/cdn/shop/products/301022750Mauve_5.jpg","https://www.westside.com/cdn/shop/products/301022750White_5.jpg","₹ 899.00","","","",""
"https://www.westside.com/products/wes-formals-dark-teal-knitted-slim-fit-t-shirt-301032703?variant=44638513889333","https://cdn.shopify.com/s/files/1/0266/6276/4597/files/301032703DKTEAL_1_800x.jpg?v=1754570906","https://cdn.shopify.com/s/files/1/0266/6276/4597/files/301032703DKTEAL_2_800x.jpg?v=1754570906","https://cdn.shopify.com/s/files/1/0266/6276/4597/files/301032703DKTEAL_3_800x.jpg?v=1754570907","WES Formals","WES Formals Dark Teal Knitted Slim-Fit T-Shirt","","","","","₹ 899.00","","","",""
"https://www.westside.com/products/ascot-blue-checkered-relaxed-fit-cotton-blend-t-shirt-301031713?variant=44638374264885","https://cdn.shopify.com/s/files/1/0266/6276/4597/files/301031713PERIWINKLEBLUE_2_800x.jpg?v=1756379631","https://cdn.shopify.com/s/files/1/0266/6276/4597/files/301031713PERIWINKLEBLUE_1_800x.jpg?v=1756379631","https://cdn.shopify.com/s/files/1/0266/6276/4597/files/301031713PERIWINKLEBLUE_3_800x.jpg?v=1754560227","Ascot","Ascot Blue Checkered Relaxed-Fit Cotton-Blend T-Shirt","","","","","₹ 1,499.00","","","",""
"https://www.westside.com/products/studiofit-black-relaxed-fit-cotton-blend-polo-t-shirt-301027075?variant=44638367285301","https://cdn.shopify.com/s/files/1/0266/6276/4597/files/301027075BLACK_1_800x.jpg?v=1754560213","https://cdn.shopify.com/s/files/1/0266/6276/4597/files/301027075BLACK_2_800x.jpg?v=1754560213","https://cdn.shopify.com/s/files/1/0266/6276/4597/files/301027075BLACK_3_800x.jpg?v=1754560213","Studiofit","Studiofit Black Relaxed-Fit Cotton-Blend Polo T-Shirt","","","","","₹ 1,299.00","","","",""
"https://www.westside.com/products/wes-casuals-beige-textured-relaxed-fit-polo-t-shirt-301027281?variant=44638394810421","https://cdn.shopify.com/s/files/1/0266/6276/4597/files/301027281STONE_1_800x.jpg?v=1754990329","https://cdn.shopify.com/s/files/1/0266/6276/4597/files/301027281STONE_2_800x.jpg?v=1754990329","https://cdn.shopify.com/s/files/1/0266/6276/4597/files/301027281STONE_3_800x.jpg?v=1754990329","WES Casuals","WES Casuals Beige Textured Relaxed-Fit Polo T-Shirt","Navy","White","https://www.westside.com/cdn/shop/products/301027281Navy_5.jpg","https://www.westside.com/cdn/shop/products/301027281White_5.jpg","₹ 999.00","Beige","https://www.westside.com/cdn/shop/products/301027281Beige_5.jpg","https://www.westside.com/cdn/shop/products/301027281Teal_5.jpg","Teal"
"https://www.westside.com/products/studiofit-olive-relaxed-fit-cotton-blend-polo-t-shirt-301027077?variant=44638370693173","https://cdn.shopify.com/s/files/1/0266/6276/4597/files/301027077OLIVE_1_800x.jpg?v=1754990329","https://cdn.shopify.com/s/files/1/0266/6276/4597/files/301027077OLIVE_2_800x.jpg?v=1754990329","https://cdn.shopify.com/s/files/1/0266/6276/4597/files/301027077OLIVE_3_800x.jpg?v=1754990329","Studiofit","Studiofit Olive Relaxed-Fit Cotton-Blend Polo T-Shirt","White","Olive","https://www.westside.com/cdn/shop/products/301027077White_5.jpg","https://www.westside.com/cdn/shop/products/301027077Olive_5.jpg","₹ 1,299.00","","","",""
"https://www.westside.com/products/ascot-brown-striped-relaxed-fit-cotton-t-shirt-301031715?variant=44638394515509","https://cdn.shopify.com/s/files/1/0266/6276/4597/files/301031715BEIGEMELANGE_1_800x.jpg?v=1754990345","https://cdn.shopify.com/s/files/1/0266/6276/4597/files/301031715BEIGEMELANGE_2_800x.jpg?v=1754990345","https://cdn.shopify.com/s/files/1/0266/6276/4597/files/301031715BEIGEMELANGE_3_800x.jpg?v=1754990345","Ascot","Ascot Brown Striped Relaxed-Fit Cotton T-Shirt","White","Navy","https://www.westside.com/cdn/shop/products/301031715White_5.jpg","https://www.westside.com/cdn/shop/products/301031715Navy_5.jpg","₹ 1,299.00","Brown","https://www.westside.com/cdn/shop/products/301031715Brown_5.jpg","",""
"https://www.westside.com/products/ascot-navy-stripe-patterned-relaxed-fit-cotton-t-shirt-301031715?variant=44638388092981","https://cdn.shopify.com/s/files/1/0266/6276/4597/files/301031715NAVY_1_800x.jpg?v=1754990329","https://cdn.shopify.com/s/files/1/0266/6276/4597/files/301031715NAVY_2_800x.jpg?v=1754990329","https://cdn.shopify.com/s/files/1/0266/6276/4597/files/301031715NAVY_3_800x.jpg?v=1754990329","Ascot","Ascot Navy Stripe Patterned Relaxed-Fit Cotton T-Shirt","White","Navy","https://www.westside.com/cdn/shop/products/301031715White_5.jpg","https://www.westside.com/cdn/shop/products/301031715Navy_5.jpg","₹ 1,299.00","Brown","https://www.westside.com/cdn/shop/products/301031715Brown_5.jpg","",""
"https://www.westside.com/products/ascot-white-stripe-relaxed-fit-cotton-t-shirt-301031715?variant=44638465130549","https://cdn.shopify.com/s/files/1/0266/6276/4597/files/301031715OFFWHITE_1_800x.jpg?v=1754990359","https://cdn.shopify.com/s/files/1/0266/6276/4597/files/301031715OFFWHITE_2_800x.jpg?v=1754994667","https://cdn.shopify.com/s/files/1/0266/6276/4597/files/301031715OFFWHITE_3_800x.jpg?v=1754994667","Ascot","Ascot White Stripe Relaxed-Fit Cotton T-Shirt","White","Navy","https://www.westside.com/cdn/shop/products/301031715White_5.jpg","https://www.westside.com/cdn/shop/products/301031715Navy_5.jpg","₹ 1,299.00","Brown","https://www.westside.com/cdn/shop/products/301031715Brown_5.jpg","",""
"https://www.westside.com/products/ascot-beige-checks-design-relaxed-fit-cotton-blend-t-shirt-301031712?variant=44638375280693","https://cdn.shopify.com/s/files/1/0266/6276/4597/files/301031712STONE_1_800x.jpg?v=1754990345","https://cdn.shopify.com/s/files/1/0266/6276/4597/files/301031712STONE_2_800x.jpg?v=1754990345","https://cdn.shopify.com/s/files/1/0266/6276/4597/files/301031712STONE_3_800x.jpg?v=1754990345","Ascot","Ascot Beige Checks Design Relaxed-Fit Cotton-Blend T-Shirt","Brown","Beige","https://www.westside.com/cdn/shop/products/301031712Brown_5.jpg","https://www.westside.com/cdn/shop/products/301031712Beige_5.jpg","₹ 1,499.00","","","",""
"https://www.westside.com/products/wes-casuals-white-textured-relaxed-fit-polo-t-shirt-301027281?variant=44638375804981","https://cdn.shopify.com/s/files/1/0266/6276/4597/files/301027281OFFWHITE_1_800x.jpg?v=1754990359","https://cdn.shopify.com/s/files/1/0266/6276/4597/files/301027281OFFWHITE_2_800x.jpg?v=1754990359","https://cdn.shopify.com/s/files/1/0266/6276/4597/files/301027281OFFWHITE_3_800x.jpg?v=1754990359","WES Casuals","WES Casuals White Textured Relaxed-Fit Polo T-Shirt","Navy","White","https://www.westside.com/cdn/shop/products/301027281Navy_5.jpg","https://www.westside.com/cdn/shop/products/301027281White_5.jpg","₹ 999.00","Beige","https://www.westside.com/cdn/shop/products/301027281Beige_5.jpg","https://www.westside.com/cdn/shop/products/301027281Teal_5.jpg","Teal"
"https://www.westside.com/products/eta-beige-knit-textured-relaxed-fit-polo-t-shirt-301031420?variant=44647321960501","https://cdn.shopify.com/s/files/1/0266/6276/4597/files/301031420STONE_1_800x.jpg?v=1755594229","https://cdn.shopify.com/s/files/1/0266/6276/4597/files/301031420STONE_2_800x.jpg?v=1755594229","https://cdn.shopify.com/s/files/1/0266/6276/4597/files/301031420STONE_3_800x.jpg?v=1755594229","ETA","ETA Beige Knit-Textured Relaxed-Fit Polo T-Shirt","Dark Teal","Brown","https://www.westside.com/cdn/shop/products/301031420DarkTeal_5.jpg","https://www.westside.com/cdn/shop/products/301031420Brown_5.jpg","₹ 1,299.00","Off-White","https://www.westside.com/cdn/shop/products/301031420Off-White_5.jpg","https://www.westside.com/cdn/shop/products/301031420Beige_5.jpg","Beige"
"https://www.westside.com/products/eta-dark-teal-knit-textured-relaxed-fit-polo-t-shirt-301031420?variant=44647325171765","https://cdn.shopify.com/s/files/1/0266/6276/4597/files/301031420TEAL_1_800x.jpg?v=1755594198","https://cdn.shopify.com/s/files/1/0266/6276/4597/files/301031420TEAL_2_800x.jpg?v=1755594198","https://cdn.shopify.com/s/files/1/0266/6276/4597/files/301031420TEAL_3_800x.jpg?v=1755594198","ETA","ETA Dark Teal Knit-Textured Relaxed-Fit Polo T-Shirt","Dark Teal","Brown","https://www.westside.com/cdn/shop/products/301031420DarkTeal_5.jpg","https://www.westside.com/cdn/shop/products/301031420Brown_5.jpg","₹ 1,299.00","Off-White","https://www.westside.com/cdn/shop/products/301031420Off-White_5.jpg","https://www.westside.com/cdn/shop/products/301031420Beige_5.jpg","Beige"
"https://www.westside.com/products/wes-casuals-light-blue-stripe-relaxed-fit-t-shirt-301015421?variant=44638461034549","https://cdn.shopify.com/s/files/1/0266/6276/4597/files/301015421BLUE_1_800x.jpg?v=1754990328","https://cdn.shopify.com/s/files/1/0266/6276/4597/files/301015421BLUE_2_800x.jpg?v=1754990328","https://cdn.shopify.com/s/files/1/0266/6276/4597/files/301015421BLUE_3_800x.jpg?v=1754990328","WES Casuals","WES Casuals Light Blue Stripe Relaxed-Fit T-Shirt","Light Blue","Navy","https://www.westside.com/cdn/shop/products/301015421LightBlue_5.jpg","https://www.westside.com/cdn/shop/products/301015421Navy_5.jpg","₹ 699.00","Dark Blue","https://www.westside.com/cdn/shop/products/301015421DarkBlue_5.jpg","https://www.westside.com/cdn/shop/products/301015421Beige_5.jpg","Beige"
"https://www.westside.com/products/wes-casuals-navy-relaxed-fit-cotton-blend-polo-t-shirt-301007874?variant=44239568306229","https://cdn.shopify.com/s/files/1/0266/6276/4597/files/301007874NAVY_1_800x.jpg?v=1737355631","https://cdn.shopify.com/s/files/1/0266/6276/4597/files/301007874NAVY_2_800x.jpg?v=1737355631","https://cdn.shopify.com/s/files/1/0266/6276/4597/files/301007874NAVY_3_800x.jpg?v=1737355631","WES Casuals","WES Casuals Navy Relaxed-Fit Cotton-Blend Polo T-Shirt","Grey","Navy","https://www.westside.com/cdn/shop/products/301007874Grey_5.jpg","https://www.westside.com/cdn/shop/products/301007874Navy_5.jpg","₹ 699.00","Lilac","https://www.westside.com/cdn/shop/products/301007874Lilac_5.jpg","https://www.westside.com/cdn/shop/products/301007874Blue_5.jpg","Blue"
"https://www.westside.com/products/studiofit-white-relaxed-fit-cotton-blend-polo-t-shirt-301027077?variant=44638367449141","https://cdn.shopify.com/s/files/1/0266/6276/4597/files/301027077OFFWHITE_1_800x.jpg?v=1754990329","https://cdn.shopify.com/s/files/1/0266/6276/4597/files/301027077OFFWHITE_2_800x.jpg?v=1754990329","https://cdn.shopify.com/s/files/1/0266/6276/4597/files/301027077OFFWHITE_3_800x.jpg?v=1754990329","Studiofit","Studiofit White Relaxed-Fit Cotton-Blend Polo T-Shirt","White","Olive","https://www.westside.com/cdn/shop/products/301027077White_5.jpg","https://www.westside.com/cdn/shop/products/301027077Olive_5.jpg","₹ 1,299.00","","","",""
"https://www.westside.com/products/wes-casuals-teal-popcorn-textured-relaxed-fit-polo-t-shirt-301027281?variant=44638370857013","https://cdn.shopify.com/s/files/1/0266/6276/4597/files/301027281TEAL_1_800x.jpg?v=1754990329","https://cdn.shopify.com/s/files/1/0266/6276/4597/files/301027281TEAL_2_800x.jpg?v=1754990329","https://cdn.shopify.com/s/files/1/0266/6276/4597/files/301027281TEAL_3_800x.jpg?v=1754990329","WES Casuals","WES Casuals Teal Popcorn-Textured Relaxed-Fit Polo T-Shirt","Navy","White","https://www.westside.com/cdn/shop/products/301027281Navy_5.jpg","https://www.westside.com/cdn/shop/products/301027281White_5.jpg","₹ 999.00","Beige","https://www.westside.com/cdn/shop/products/301027281Beige_5.jpg","https://www.westside.com/cdn/shop/products/301027281Teal_5.jpg","Teal"
"https://www.westside.com/products/wes-casuals-white-relaxed-fit-cotton-blend-polo-t-shirt-301027282?variant=44638461329461","https://cdn.shopify.com/s/files/1/0266/6276/4597/files/301027282OFFWHITE_1_800x.jpg?v=1754990359","https://cdn.shopify.com/s/files/1/0266/6276/4597/files/301027282OFFWHITE_2_800x.jpg?v=1754990359","https://cdn.shopify.com/s/files/1/0266/6276/4597/files/301027282OFFWHITE_3_800x.jpg?v=1754990359","WES Casuals","WES Casuals White Relaxed-Fit Cotton-Blend Polo T-Shirt","White","Navy","https://www.westside.com/cdn/shop/products/301027282White_5.jpg","https://www.westside.com/cdn/shop/products/301027282Navy_5.jpg","₹ 999.00","Red","https://www.westside.com/cdn/shop/products/301027282Red_5.jpg","https://www.westside.com/cdn/shop/products/301027282Blue_5.jpg","Blue"
"https://www.westside.com/products/studiofit-olive-text-relaxed-fit-cotton-blend-t-shirt-301026872?variant=44595345129525","https://cdn.shopify.com/s/files/1/0266/6276/4597/files/301026872OLIVE_1_800x.jpg?v=1753331043","https://cdn.shopify.com/s/files/1/0266/6276/4597/files/301026872OLIVE_2_800x.jpg?v=1753331043","https://cdn.shopify.com/s/files/1/0266/6276/4597/files/301026872OLIVE_3_800x.jpg?v=1753331043","Studiofit","Studiofit Olive Text Relaxed-Fit Cotton-Blend T-Shirt","","","","","₹ 899.00","","","",""
"https://www.westside.com/products/ascot-grey-knit-textured-relaxed-fit-cotton-t-shirt-301029619?variant=44594484281397","https://cdn.shopify.com/s/files/1/0266/6276/4597/files/301029619GREY_1_800x.jpg?v=1753942552","https://cdn.shopify.com/s/files/1/0266/6276/4597/files/301029619GREY_2_800x.jpg?v=1753942552","https://cdn.shopify.com/s/files/1/0266/6276/4597/files/301029619GREY_3_800x.jpg?v=1753942552","Ascot","Ascot Grey Knit-Textured Relaxed-Fit Cotton T-Shirt","Grey","Taupe","https://www.westside.com/cdn/shop/products/301029619Grey_5.jpg","https://www.westside.com/cdn/shop/products/301029619Taupe_5.jpg","₹ 1,499.00","","","",""
"https://www.westside.com/products/wes-casuals-dusty-rose-relaxed-fit-cotton-blend-polo-t-shirt-301007874?variant=44222808195125","https://cdn.shopify.com/s/files/1/0266/6276/4597/files/301007874NUTMEG_1_800x.jpg?v=1736399075","https://cdn.shopify.com/s/files/1/0266/6276/4597/files/301007874NUTMEG_2_800x.jpg?v=1736399075","https://cdn.shopify.com/s/files/1/0266/6276/4597/files/301007874NUTMEG_3_800x.jpg?v=1736399075","WES Casuals","WES Casuals Dusty Rose Relaxed-Fit Cotton-Blend Polo T-Shirt","","","","","₹ 699.00","","","",""
"https://www.westside.com/products/eta-white-knit-textured-relaxed-fit-t-shirt-301019281?variant=44594425757749","https://cdn.shopify.com/s/files/1/0266/6276/4597/files/301019281TEAL_1_800x.jpg?v=1752127464","https://cdn.shopify.com/s/files/1/0266/6276/4597/files/301019281TEAL_2_800x.jpg?v=1752127465","https://cdn.shopify.com/s/files/1/0266/6276/4597/files/301019281TEAL_3_800x.jpg?v=1752127466","ETA","ETA White Knit-Textured Relaxed-Fit T-Shirt","","","","","₹ 899.00","","","",""
"https://www.westside.com/products/wes-casuals-beige-slim-fit-cotton-t-shirt-301008433?variant=44317291380789","https://cdn.shopify.com/s/files/1/0266/6276/4597/files/301008433STONEMELANGE_1_800x.jpg?v=1739865886","https://cdn.shopify.com/s/files/1/0266/6276/4597/files/301008433STONEMELANGE_2_800x.jpg?v=1739865886","https://cdn.shopify.com/s/files/1/0266/6276/4597/files/301008433STONEMELANGE_3_800x.jpg?v=1739865886","WES Casuals","WES Casuals Beige Slim-Fit Cotton T-Shirt","Wine","Olive","https://www.westside.com/cdn/shop/products/301008433Wine_5.jpg","https://www.westside.com/cdn/shop/products/301008433Olive_5.jpg","₹ 399.00","Dark Blue","https://www.westside.com/cdn/shop/products/301008433DarkBlue_5.jpg","https://www.westside.com/cdn/shop/products/301008433Beige_5.jpg","Beige"
"https://www.westside.com/products/nuon-white-text-detailed-relaxed-fit-cotton-t-shirt-301029415?variant=44638372397109","https://cdn.shopify.com/s/files/1/0266/6276/4597/files/301029415WHITE_1_800x.jpg?v=1754559725","https://cdn.shopify.com/s/files/1/0266/6276/4597/files/301029415WHITE_2_800x.jpg?v=1754559725","https://cdn.shopify.com/s/files/1/0266/6276/4597/files/301029415WHITE_3_800x.jpg?v=1754559724","Nuon","Nuon White Text Detailed Relaxed-Fit Cotton T-Shirt","","","","","₹ 899.00","","","",""
"https://www.westside.com/products/wes-formals-white-slim-fit-cotton-t-shirt-301008066?variant=44234574889013","https://cdn.shopify.com/s/files/1/0266/6276/4597/files/301008066WHITE_1_800x.jpg?v=1736828482","https://cdn.shopify.com/s/files/1/0266/6276/4597/files/301008066WHITE_2_800x.jpg?v=1736828481","https://cdn.shopify.com/s/files/1/0266/6276/4597/files/301008066WHITE_3_800x.jpg?v=1736828481","WES Formals","WES Formals White Slim-Fit Cotton T-Shirt","","","","","₹ 899.00","","","",""
"https://www.westside.com/products/nuon-black-text-detailed-relaxed-fit-cotton-t-shirt-301029423?variant=44638392090677","https://cdn.shopify.com/s/files/1/0266/6276/4597/files/301029423BLACK_1_800x.jpg?v=1754560217","https://cdn.shopify.com/s/files/1/0266/6276/4597/files/301029423BLACK_2_800x.jpg?v=1754560217","https://cdn.shopify.com/s/files/1/0266/6276/4597/files/301029423BLACK_3_800x.jpg?v=1754560217","Nuon","Nuon Black Text Detailed Relaxed-Fit Cotton T-Shirt","","","","","₹ 899.00","","","",""
"https://www.westside.com/products/wes-casuals-yellow-solid-relaxed-fit-cotton-t-shirt-301025029?variant=44580237148213","https://cdn.shopify.com/s/files/1/0266/6276/4597/files/301025029LEMON_1_800x.jpg?v=1751536125","https://cdn.shopify.com/s/files/1/0266/6276/4597/files/301025029LEMON_2_800x.jpg?v=1751536125","https://cdn.shopify.com/s/files/1/0266/6276/4597/files/301025029LEMON_3_800x.jpg?v=1751536125","WES Casuals","WES Casuals Yellow Solid Relaxed-Fit Cotton T-Shirt","","","","","₹ 499.00","","","",""
"https://www.westside.com/products/ascot-taupe-knit-textured-relaxed-fit-cotton-t-shirt-301029619?variant=44594483560501","https://cdn.shopify.com/s/files/1/0266/6276/4597/files/301029619TAUPE_1_800x.jpg?v=1753942521","https://cdn.shopify.com/s/files/1/0266/6276/4597/files/301029619TAUPE_2_800x.jpg?v=1753942521","https://cdn.shopify.com/s/files/1/0266/6276/4597/files/301029619TAUPE_3_800x.jpg?v=1753942521","Ascot","Ascot Taupe Knit-Textured Relaxed-Fit Cotton T-Shirt","Grey","Taupe","https://www.westside.com/cdn/shop/products/301029619Grey_5.jpg","https://www.westside.com/cdn/shop/products/301029619Taupe_5.jpg","₹ 1,499.00","","","",""
"https://www.westside.com/products/wes-casuals-rust-relaxed-fit-cotton-blend-polo-t-shirt-301018894?variant=44580229316661","https://cdn.shopify.com/s/files/1/0266/6276/4597/files/301018894BRICK_1_800x.jpg?v=1752143621","https://cdn.shopify.com/s/files/1/0266/6276/4597/files/301018894BRICK_2_800x.jpg?v=1752143621","https://cdn.shopify.com/s/files/1/0266/6276/4597/files/301018894BRICK_3_800x.jpg?v=1752143621","WES Casuals","WES Casuals Rust Relaxed-Fit Cotton-Blend Polo T-Shirt","Rust","Dusty Blue","https://www.westside.com/cdn/shop/products/301018894Rust_5.jpg","https://www.westside.com/cdn/shop/products/301018894DustyBlue_5.jpg","₹ 999.00","Beige","https://www.westside.com/cdn/shop/products/301018894Beige_5.jpg","https://www.westside.com/cdn/shop/products/301018894Olive_5.jpg","Olive"
"https://www.westside.com/products/wes-casuals-dark-blue-slim-fit-cotton-t-shirt-301008433?variant=44317293150261","https://cdn.shopify.com/s/files/1/0266/6276/4597/files/301008433INDIGOMELANGE_1_800x.jpg?v=1739865885","https://cdn.shopify.com/s/files/1/0266/6276/4597/files/301008433INDIGOMELANGE_2_800x.jpg?v=1739865885","https://cdn.shopify.com/s/files/1/0266/6276/4597/files/301008433INDIGOMELANGE_3_800x.jpg?v=1739865885","WES Casuals","WES Casuals Dark Blue Slim-Fit Cotton T-Shirt","Wine","Olive","https://www.westside.com/cdn/shop/products/301008433Wine_5.jpg","https://www.westside.com/cdn/shop/products/301008433Olive_5.jpg","₹ 399.00","Dark Blue","https://www.westside.com/cdn/shop/products/301008433DarkBlue_5.jpg","https://www.westside.com/cdn/shop/products/301008433Beige_5.jpg","Beige"
"https://www.westside.com/products/ascot-dark-brown-textured-relaxed-fit-cotton-blend-t-shirt-301027239?variant=44594484641845","https://cdn.shopify.com/s/files/1/0266/6276/4597/files/301027239CHOCOLATEBROWN_1_800x.jpg?v=1753942521","https://cdn.shopify.com/s/files/1/0266/6276/4597/files/301027239CHOCOLATEBROWN_2_800x.jpg?v=1753942521","https://cdn.shopify.com/s/files/1/0266/6276/4597/files/301027239CHOCOLATEBROWN_3_800x.jpg?v=1753942521","Ascot","Ascot Dark Brown Textured Relaxed-Fit Cotton-Blend T-Shirt","White","Dark Brown","https://www.westside.com/cdn/shop/products/301027239White_5.jpg","https://www.westside.com/cdn/shop/products/301027239DarkBrown_5.jpg","₹ 1,499.00","Black","https://www.westside.com/cdn/shop/products/301027239Black_5.jpg","",""
"https://www.westside.com/products/wes-casuals-olive-relaxed-fit-cotton-blend-polo-t-shirt-301018894?variant=44580241342517","https://cdn.shopify.com/s/files/1/0266/6276/4597/files/301018894OLIVE_1_800x.jpg?v=1752143622","https://cdn.shopify.com/s/files/1/0266/6276/4597/files/301018894OLIVE_2_800x.jpg?v=1752143622","https://cdn.shopify.com/s/files/1/0266/6276/4597/files/301018894OLIVE_3_800x.jpg?v=1752143622","WES Casuals","WES Casuals Olive Relaxed-Fit Cotton-Blend Polo T-Shirt","Rust","Dusty Blue","https://www.westside.com/cdn/shop/products/301018894Rust_5.jpg","https://www.westside.com/cdn/shop/products/301018894DustyBlue_5.jpg","₹ 999.00","Beige","https://www.westside.com/cdn/shop/products/301018894Beige_5.jpg","https://www.westside.com/cdn/shop/products/301018894Olive_5.jpg","Olive"
"https://www.westside.com/products/wes-casuals-beige-self-textured-relaxed-fit-polo-t-shirt-301018894?variant=44580233281589","https://cdn.shopify.com/s/files/1/0266/6276/4597/files/301018894STONE_1_800x.jpg?v=1752143623","https://cdn.shopify.com/s/files/1/0266/6276/4597/files/301018894STONE_2_800x.jpg?v=1752143972","https://cdn.shopify.com/s/files/1/0266/6276/4597/files/301018894STONE_3_800x.jpg?v=1752143972","WES Casuals","WES Casuals Beige Self-Textured Relaxed-Fit Polo T-Shirt","Rust","Dusty Blue","https://www.westside.com/cdn/shop/products/301018894Rust_5.jpg","https://www.westside.com/cdn/shop/products/301018894DustyBlue_5.jpg","₹ 999.00","Beige","https://www.westside.com/cdn/shop/products/301018894Beige_5.jpg","https://www.westside.com/cdn/shop/products/301018894Olive_5.jpg","Olive"
"https://www.westside.com/products/wes-casuals-teal-relaxed-fit-cotton-blend-polo-t-shirt-301007874?variant=44222809669685","https://cdn.shopify.com/s/files/1/0266/6276/4597/files/301007874MARINE_1_800x.jpg?v=1736398648","https://cdn.shopify.com/s/files/1/0266/6276/4597/files/301007874MARINE_2_800x.jpg?v=1736398652","https://cdn.shopify.com/s/files/1/0266/6276/4597/files/301007874MARINE_3_800x.jpg?v=1736398655","WES Casuals","WES Casuals Teal Relaxed-Fit Cotton-Blend Polo T-Shirt","","","","","₹ 699.00","","","",""
"https://www.westside.com/products/wes-casuals-dusty-blue-self-relaxed-fit-polo-t-shirt-301018894?variant=44580242194485","https://cdn.shopify.com/s/files/1/0266/6276/4597/files/301018894BLUE_1_800x.jpg?v=1752143622","https://cdn.shopify.com/s/files/1/0266/6276/4597/files/301018894BLUE_2_800x.jpg?v=1752143622","https://cdn.shopify.com/s/files/1/0266/6276/4597/files/301018894BLUE_3_800x.jpg?v=1752143622","WES Casuals","WES Casuals Dusty Blue Self Relaxed-Fit Polo T-Shirt","Rust","Dusty Blue","https://www.westside.com/cdn/shop/products/301018894Rust_5.jpg","https://www.westside.com/cdn/shop/products/301018894DustyBlue_5.jpg","₹ 999.00","Beige","https://www.westside.com/cdn/shop/products/301018894Beige_5.jpg","https://www.westside.com/cdn/shop/products/301018894Olive_5.jpg","Olive"
"https://www.westside.com/products/ascot-white-knit-textured-relaxed-fit-t-shirt-301027239?variant=44580618108981","https://cdn.shopify.com/s/files/1/0266/6276/4597/files/301027239OFFWHITE_1_800x.jpg?v=1753942521","https://cdn.shopify.com/s/files/1/0266/6276/4597/files/301027239OFFWHITE_2_800x.jpg?v=1753942521","https://cdn.shopify.com/s/files/1/0266/6276/4597/files/301027239OFFWHITE_3_800x.jpg?v=1753942521","Ascot","Ascot White Knit-Textured Relaxed-Fit T-Shirt","White","Dark Brown","https://www.westside.com/cdn/shop/products/301027239White_5.jpg","https://www.westside.com/cdn/shop/products/301027239DarkBrown_5.jpg","₹ 1,499.00","Black","https://www.westside.com/cdn/shop/products/301027239Black_5.jpg","",""
"https://www.westside.com/products/wes-casuals-white-relaxed-fit-polo-t-shirt-301027280?variant=44580251828277","https://cdn.shopify.com/s/files/1/0266/6276/4597/files/301027280OFFWHITE_1_800x.jpg?v=1752143622","https://cdn.shopify.com/s/files/1/0266/6276/4597/files/301027280OFFWHITE_2_800x.jpg?v=1752143622","https://cdn.shopify.com/s/files/1/0266/6276/4597/files/301027280OFFWHITE_3_800x.jpg?v=1752143622","WES Casuals","WES Casuals White Relaxed-Fit Polo T-Shirt","White","Black","https://www.westside.com/cdn/shop/products/301027280White_5.jpg","https://www.westside.com/cdn/shop/products/301027280Black_5.jpg","₹ 899.00","Sage","https://www.westside.com/cdn/shop/products/301027280Sage_5.jpg","",""
"https://www.westside.com/products/wes-casuals-black-relaxed-fit-quarter-zip-polo-t-shirt-301027280?variant=44580230070325","https://cdn.shopify.com/s/files/1/0266/6276/4597/files/301027280BLACK_1_800x.jpg?v=1752143622","https://cdn.shopify.com/s/files/1/0266/6276/4597/files/301027280BLACK_2_800x.jpg?v=1752143622","https://cdn.shopify.com/s/files/1/0266/6276/4597/files/301027280BLACK_3_800x.jpg?v=1752143622","WES Casuals","WES Casuals Black Relaxed-Fit Quarter-Zip Polo T-Shirt","White","Black","https://www.westside.com/cdn/shop/products/301027280White_5.jpg","https://www.westside.com/cdn/shop/products/301027280Black_5.jpg","₹ 899.00","Sage","https://www.westside.com/cdn/shop/products/301027280Sage_5.jpg","",""
"https://www.westside.com/products/eta-dark-green-solid-slim-fit-cotton-t-shirt-301009893?variant=44280988926005","https://cdn.shopify.com/s/files/1/0266/6276/4597/files/301009893EMERALD_1_800x.jpg?v=1738664335","https://cdn.shopify.com/s/files/1/0266/6276/4597/files/301009893EMERALD_2_800x.jpg?v=1738664335","https://cdn.shopify.com/s/files/1/0266/6276/4597/files/301009893EMERALD_3_800x.jpg?v=1738664335","ETA","ETA Dark Green Solid Slim-Fit Cotton T-Shirt","Green","Mauve","https://www.westside.com/cdn/shop/products/301009893Green_5.jpg","https://www.westside.com/cdn/shop/products/301009893Mauve_5.jpg","₹ 799.00","","","",""
"https://www.westside.com/products/nuon-orange-stripe-pattern-relaxed-fit-cotton-t-shirt-301022544?variant=44551740325941","https://cdn.shopify.com/s/files/1/0266/6276/4597/files/301022544ORANGE_1_800x.jpg?v=1750160633","https://cdn.shopify.com/s/files/1/0266/6276/4597/files/301022544ORANGE_2_800x.jpg?v=1750160633","https://cdn.shopify.com/s/files/1/0266/6276/4597/files/301022544ORANGE_3_800x.jpg?v=1750160633","Nuon","Nuon Orange Stripe Pattern Relaxed-Fit Cotton T-Shirt","","","","","₹ 899.00","","","",""
"https://www.westside.com/products/eta-mauve-solid-slim-fit-cotton-t-shirt-301009893?variant=44280989941813","https://cdn.shopify.com/s/files/1/0266/6276/4597/files/301009893DEEPMAUVE_1_800x.jpg?v=1738664335","https://cdn.shopify.com/s/files/1/0266/6276/4597/files/301009893DEEPMAUVE_2_800x.jpg?v=1738664335","https://cdn.shopify.com/s/files/1/0266/6276/4597/files/301009893DEEPMAUVE_3_800x.jpg?v=1738664335","ETA","ETA Mauve Solid Slim-Fit Cotton T-Shirt","Green","Mauve","https://www.westside.com/cdn/shop/products/301009893Green_5.jpg","https://www.westside.com/cdn/shop/products/301009893Mauve_5.jpg","₹ 799.00","","","",""
"https://www.westside.com/products/nuon-yellow-embroidered-relaxed-fit-cotton-t-shirt-301022543?variant=44567925588021","https://cdn.shopify.com/s/files/1/0266/6276/4597/files/301022543YELLOW_1_800x.jpg?v=1750919564","https://cdn.shopify.com/s/files/1/0266/6276/4597/files/301022543YELLOW_2_800x.jpg?v=1750919511","https://cdn.shopify.com/s/files/1/0266/6276/4597/files/301022543YELLOW_3_800x.jpg?v=1750919500","Nuon","Nuon Yellow Embroidered Relaxed-Fit Cotton T-Shirt","","","","","₹ 899.00","","","",""
"https://www.westside.com/products/ascot-black-self-textured-relaxed-fit-cotton-blend-t-shirt-301027239?variant=44594485952565","https://cdn.shopify.com/s/files/1/0266/6276/4597/files/301027239BLACK_1_800x.jpg?v=1753942552","https://cdn.shopify.com/s/files/1/0266/6276/4597/files/301027239BLACK_2_800x.jpg?v=1753942552","https://cdn.shopify.com/s/files/1/0266/6276/4597/files/301027239BLACK_3_800x.jpg?v=1753942552","Ascot","Ascot Black Self-Textured Relaxed-Fit Cotton-Blend T-Shirt","White","Dark Brown","https://www.westside.com/cdn/shop/products/301027239White_5.jpg","https://www.westside.com/cdn/shop/products/301027239DarkBrown_5.jpg","₹ 1,499.00","Black","https://www.westside.com/cdn/shop/products/301027239Black_5.jpg","",""
"https://www.westside.com/products/ascot-black-striped-relaxed-fit-cotton-blend-polo-t-shirt-301027243?variant=44568697733173","https://cdn.shopify.com/s/files/1/0266/6276/4597/files/301027243BLACK_1_800x.jpg?v=1751013543","https://cdn.shopify.com/s/files/1/0266/6276/4597/files/301027243BLACK_2_800x.jpg?v=1751013543","https://cdn.shopify.com/s/files/1/0266/6276/4597/files/301027243BLACK_3_800x.jpg?v=1751013543","Ascot","Ascot Black Striped Relaxed-Fit Cotton-Blend Polo T-Shirt","Black","Taupe","https://www.westside.com/cdn/shop/products/301027243Black_5.jpg","https://www.westside.com/cdn/shop/products/301027243Taupe_5.jpg","₹ 1,499.00","","","",""
"https://www.westside.com/products/nuon-blue-typographic-relaxed-fit-cotton-t-shirt-301022542?variant=44551739146293","https://cdn.shopify.com/s/files/1/0266/6276/4597/files/301022542BLUE_1_800x.jpg?v=1750158053","https://cdn.shopify.com/s/files/1/0266/6276/4597/files/301022542BLUE_2_800x.jpg?v=1750158053","https://cdn.shopify.com/s/files/1/0266/6276/4597/files/301022542BLUE_3_800x.jpg?v=1750158053","Nuon","Nuon Blue Typographic Relaxed-Fit Cotton T-Shirt","","","","","₹ 899.00","","","",""
"https://www.westside.com/products/wes-lounge-navy-stripe-relaxed-fit-cotton-blend-t-shirt-301020485?variant=44544946536501","https://cdn.shopify.com/s/files/1/0266/6276/4597/files/301020485NAVY_1_800x.jpg?v=1749738095","https://cdn.shopify.com/s/files/1/0266/6276/4597/files/301020485NAVY_2_800x.jpg?v=1749738095","https://cdn.shopify.com/s/files/1/0266/6276/4597/files/301020485NAVY_3_800x.jpg?v=1749738098","WES Lounge","WES Lounge Navy Stripe Relaxed-Fit Cotton-Blend T-Shirt","","","","","₹ 599.00","","","",""
"https://www.westside.com/products/studiofit-black-solid-relaxed-fit-cotton-blend-t-shirt-301016683?variant=44604617621557","https://cdn.shopify.com/s/files/1/0266/6276/4597/files/301016683BLACK_1_800x.jpg?v=1753942519","https://cdn.shopify.com/s/files/1/0266/6276/4597/files/301016683BLACK_2_800x.jpg?v=1753942519","https://cdn.shopify.com/s/files/1/0266/6276/4597/files/301016683BLACK_3_800x.jpg?v=1753942519","Studiofit","Studiofit Black Solid Relaxed-Fit Cotton-Blend T-Shirt","Black","Light Orange","https://www.westside.com/cdn/shop/products/301016683Black_5.jpg","https://www.westside.com/cdn/shop/products/301016683LightOrange_5.jpg","₹ 699.00","","","",""
"https://www.westside.com/products/wes-lounge-brown-striped-relaxed-fit-cotton-blend-t-shirt-301019760?variant=44647312392245","https://cdn.shopify.com/s/files/1/0266/6276/4597/files/301019760OFFWHITE_1_800x.jpg?v=1755168177","https://cdn.shopify.com/s/files/1/0266/6276/4597/files/301019760OFFWHITE_2_800x.jpg?v=1755168176","https://cdn.shopify.com/s/files/1/0266/6276/4597/files/301019760OFFWHITE_3_800x.jpg?v=1755168177","WES Lounge","WES Lounge Brown Striped Relaxed-Fit Cotton-Blend T-Shirt","","","","","₹ 599.00","","","",""
"https://www.westside.com/products/ascot-taupe-relaxed-fit-cotton-blend-quarter-zip-polo-t-shirt-301029618?variant=44580617945141","https://cdn.shopify.com/s/files/1/0266/6276/4597/files/301029618TAUPE_1_800x.jpg?v=1752143622","https://cdn.shopify.com/s/files/1/0266/6276/4597/files/301029618TAUPE_2_800x.jpg?v=1752143622","https://cdn.shopify.com/s/files/1/0266/6276/4597/files/301029618TAUPE_3_800x.jpg?v=1752143622","Ascot","Ascot Taupe Relaxed-Fit Cotton-Blend Quarter-Zip Polo T-Shirt","Off-White","Taupe","https://www.westside.com/cdn/shop/products/301029618Off-White_5.jpg","https://www.westside.com/cdn/shop/products/301029618Taupe_5.jpg","₹ 1,499.00","Navy","https://www.westside.com/cdn/shop/products/301029618Navy_5.jpg","",""
"https://www.westside.com/products/studiofit-light-blue-relaxed-fit-cotton-blend-t-shirt-301021664?variant=44544383975477","https://cdn.shopify.com/s/files/1/0266/6276/4597/files/301021664SKY_1_800x.jpg?v=1749709933","https://cdn.shopify.com/s/files/1/0266/6276/4597/files/301021664SKY_2_800x.jpg?v=1749709933","https://cdn.shopify.com/s/files/1/0266/6276/4597/files/301021664SKY_3_800x.jpg?v=1749709933","Studiofit","Studiofit Light Blue Relaxed-Fit Cotton-Blend T-Shirt","","","","","₹ 699.00","","","",""
"https://www.westside.com/products/wes-lounge-beige-textured-relaxed-fit-cotton-blend-t-shirt-301019761?variant=44544941195317","https://cdn.shopify.com/s/files/1/0266/6276/4597/files/301019761BEIGE_1_800x.jpg?v=1749738102","https://cdn.shopify.com/s/files/1/0266/6276/4597/files/301019761BEIGE_2_800x.jpg?v=1749738102","https://cdn.shopify.com/s/files/1/0266/6276/4597/files/301019761BEIGE_3_800x.jpg?v=1749738102","WES Lounge","WES Lounge Beige Textured Relaxed-Fit Cotton-Blend T-Shirt","","","","","₹ 599.00","","","",""
"https://www.westside.com/products/studiofit-purple-text-patterned-relaxed-fit-cotton-t-shirt-301018899?variant=44533102477365","https://cdn.shopify.com/s/files/1/0266/6276/4597/files/301018899GRAPE_1_800x.jpg?v=1749144392","https://cdn.shopify.com/s/files/1/0266/6276/4597/files/301018899GRAPE_2_800x.jpg?v=1749144392","https://cdn.shopify.com/s/files/1/0266/6276/4597/files/301018899GRAPE_3_800x.jpg?v=1749144392","Studiofit","Studiofit Purple Text Patterned Relaxed-Fit Cotton T-Shirt","","","","","₹ 899.00","","","",""
"https://www.westside.com/products/wes-lounge-blue-striped-relaxed-fit-cotton-blend-t-shirt-301020486?variant=44647319830581","https://cdn.shopify.com/s/files/1/0266/6276/4597/files/301020486OFFWHITE_1_800x.jpg?v=1755168296","https://cdn.shopify.com/s/files/1/0266/6276/4597/files/301020486OFFWHITE_2_800x.jpg?v=1755168297","https://cdn.shopify.com/s/files/1/0266/6276/4597/files/301020486OFFWHITE_3_800x.jpg?v=1755168298","WES Lounge","WES Lounge Blue Striped Relaxed-Fit Cotton-Blend T-Shirt","","","","","₹ 599.00","","","",""
"https://www.westside.com/products/wes-lounge-multicolour-striped-relaxed-fit-t-shirt-301019752?variant=44647310884917","https://cdn.shopify.com/s/files/1/0266/6276/4597/files/301019752OFFWHITE_1_800x.jpg?v=1755168117","https://cdn.shopify.com/s/files/1/0266/6276/4597/files/301019752OFFWHITE_2_800x.jpg?v=1755168116","https://cdn.shopify.com/s/files/1/0266/6276/4597/files/301019752OFFWHITE_3_800x.jpg?v=1755168117","WES Lounge","WES Lounge Multicolour Striped Relaxed-Fit T-Shirt","","","","","₹ 599.00","","","",""
"https://www.westside.com/products/studiofit-dark-brown-text-design-relaxed-fit-cotton-t-shirt-301022748?variant=44608175374389","https://cdn.shopify.com/s/files/1/0266/6276/4597/files/301022748BROWN_1_800x.jpg?v=1752844985","https://cdn.shopify.com/s/files/1/0266/6276/4597/files/301022748BROWN_2_800x.jpg?v=1752844985","https://cdn.shopify.com/s/files/1/0266/6276/4597/files/301022748BROWN_3_800x.jpg?v=1752844985","Studiofit","Studiofit Dark Brown Text Design Relaxed-Fit Cotton T-Shirt","","","","","₹ 899.00","","","",""
"https://www.westside.com/products/studiofit-dark-blue-self-textured-relaxed-fit-cotton-blend-t-shirt-301021663?variant=44608179011637","https://cdn.shopify.com/s/files/1/0266/6276/4597/files/301021663DKBLUE_1_800x.jpg?v=1753942520","https://cdn.shopify.com/s/files/1/0266/6276/4597/files/301021663DKBLUE_2_800x.jpg?v=1753942520","https://cdn.shopify.com/s/files/1/0266/6276/4597/files/301021663DKBLUE_3_800x.jpg?v=1753942520","Studiofit","Studiofit Dark Blue Self-Textured Relaxed-Fit Cotton-Blend T-Shirt","Dusty Pink","White","https://www.westside.com/cdn/shop/products/301021663DustyPink_5.jpg","https://www.westside.com/cdn/shop/products/301021663White_5.jpg","₹ 899.00","Olive","https://www.westside.com/cdn/shop/products/301021663Olive_5.jpg","https://www.westside.com/cdn/shop/products/301021663DarkBlue_5.jpg","Dark Blue"
"https://www.westside.com/products/eta-black-solid-slim-fit-cotton-t-shirt-301015345?variant=44383597428789","https://cdn.shopify.com/s/files/1/0266/6276/4597/files/301015345BLACK_1_800x.jpg?v=1742811967","https://cdn.shopify.com/s/files/1/0266/6276/4597/files/301015345BLACK_2_800x.jpg?v=1742811967","https://cdn.shopify.com/s/files/1/0266/6276/4597/files/301015345BLACK_3_800x.jpg?v=1742811967","ETA","ETA Black Solid Slim-Fit Cotton T-Shirt","Black","Off-White","https://www.westside.com/cdn/shop/products/301015345Black_5.jpg","https://www.westside.com/cdn/shop/products/301015345Off-White_5.jpg","₹ 799.00","","","",""
"https://www.westside.com/products/studiofit-light-orange-relaxed-fit-cotton-blend-t-shirt-301016683?variant=44604635283509","https://cdn.shopify.com/s/files/1/0266/6276/4597/files/301016683ORANGE_1_800x.jpg?v=1753942521","https://cdn.shopify.com/s/files/1/0266/6276/4597/files/301016683ORANGE_2_800x.jpg?v=1753942521","https://cdn.shopify.com/s/files/1/0266/6276/4597/files/301016683ORANGE_3_800x.jpg?v=1753942521","Studiofit","Studiofit Light Orange Relaxed-Fit Cotton-Blend T-Shirt","Black","Light Orange","https://www.westside.com/cdn/shop/products/301016683Black_5.jpg","https://www.westside.com/cdn/shop/products/301016683LightOrange_5.jpg","₹ 699.00","","","",""
"https://www.westside.com/products/studiofit-white-relaxed-fit-t-shirt-301026875?variant=44604630368309","https://cdn.shopify.com/s/files/1/0266/6276/4597/files/301026875OFFWHITE_1_800x.jpg?v=1752641407","https://cdn.shopify.com/s/files/1/0266/6276/4597/files/301026875OFFWHITE_2_800x.jpg?v=1752641409","https://cdn.shopify.com/s/files/1/0266/6276/4597/files/301026875OFFWHITE_3_800x.jpg?v=1752641410","Studiofit","Studiofit White Relaxed-Fit T-Shirt","","","","","₹ 1,299.00","","","",""
"https://www.westside.com/products/wes-lounge-teal-stripe-relaxed-fit-cotton-blend-t-shirt-301019757?variant=44544946012213","https://cdn.shopify.com/s/files/1/0266/6276/4597/files/301019757TEAL_1_800x.jpg?v=1749738095","https://cdn.shopify.com/s/files/1/0266/6276/4597/files/301019757TEAL_2_800x.jpg?v=1749738095","https://cdn.shopify.com/s/files/1/0266/6276/4597/files/301019757TEAL_3_800x.jpg?v=1749738095","WES Lounge","WES Lounge Teal Stripe Relaxed-Fit Cotton-Blend T-Shirt","","","","","₹ 599.00","","","",""
"https://www.westside.com/products/studiofit-light-grey-slim-fit-quarter-zip-t-shirt-301022757?variant=44544392134709","https://cdn.shopify.com/s/files/1/0266/6276/4597/files/301022757LIGHTGREY_1_800x.jpg?v=1749709981","https://cdn.shopify.com/s/files/1/0266/6276/4597/files/301022757LIGHTGREY_2_800x.jpg?v=1749709964","https://cdn.shopify.com/s/files/1/0266/6276/4597/files/301022757LIGHTGREY_3_800x.jpg?v=1749709964","Studiofit","Studiofit Light Grey Slim-Fit Quarter-Zip T-Shirt","","","","","₹ 999.00","","","",""
"https://www.westside.com/products/wes-casuals-sage-relaxed-fit-cotton-blend-polo-t-shirt-301026224?variant=44532086833205","https://cdn.shopify.com/s/files/1/0266/6276/4597/files/301026224SAGE_1_800x.jpg?v=1749536209","https://cdn.shopify.com/s/files/1/0266/6276/4597/files/301026224SAGE_2_800x.jpg?v=1749536209","https://cdn.shopify.com/s/files/1/0266/6276/4597/files/301026224SAGE_3_800x.jpg?v=1749536209","WES Casuals","WES Casuals Sage Relaxed-Fit Cotton-Blend Polo T-Shirt","Navy","Beige","https://www.westside.com/cdn/shop/products/301026224Navy_5.jpg","https://www.westside.com/cdn/shop/products/301026224Beige_5.jpg","₹ 899.00","Sage","https://www.westside.com/cdn/shop/products/301026224Sage_5.jpg","",""
"https://www.westside.com/products/wes-casuals-beige-relaxed-fit-cotton-blend-polo-t-shirt-301026224?variant=44532089684021","https://cdn.shopify.com/s/files/1/0266/6276/4597/files/301026224STONE_1_800x.jpg?v=1749536209","https://cdn.shopify.com/s/files/1/0266/6276/4597/files/301026224STONE_2_800x.jpg?v=1749536209","https://cdn.shopify.com/s/files/1/0266/6276/4597/files/301026224STONE_3_800x.jpg?v=1749536209","WES Casuals","WES Casuals Beige Relaxed-Fit Cotton-Blend Polo T-Shirt","Navy","Beige","https://www.westside.com/cdn/shop/products/301026224Navy_5.jpg","https://www.westside.com/cdn/shop/products/301026224Beige_5.jpg","₹ 899.00","Sage","https://www.westside.com/cdn/shop/products/301026224Sage_5.jpg","",""
"https://www.westside.com/products/studiofit-olive-self-textured-relaxed-fit-cotton-blend-t-shirt-301021663?variant=44608177111093","https://cdn.shopify.com/s/files/1/0266/6276/4597/files/301021663OLIVE_1_800x.jpg?v=1753942519","https://cdn.shopify.com/s/files/1/0266/6276/4597/files/301021663OLIVE_2_800x.jpg?v=1753942519","https://cdn.shopify.com/s/files/1/0266/6276/4597/files/301021663OLIVE_3_800x.jpg?v=1753942519","Studiofit","Studiofit Olive Self-Textured Relaxed-Fit Cotton-Blend T-Shirt","Dusty Pink","White","https://www.westside.com/cdn/shop/products/301021663DustyPink_5.jpg","https://www.westside.com/cdn/shop/products/301021663White_5.jpg","₹ 899.00","Olive","https://www.westside.com/cdn/shop/products/301021663Olive_5.jpg","https://www.westside.com/cdn/shop/products/301021663DarkBlue_5.jpg","Dark Blue"
"https://www.westside.com/products/studiofit-white-self-textured-relaxed-fit-cotton-blend-t-shirt-301021663?variant=44608179535925","https://cdn.shopify.com/s/files/1/0266/6276/4597/files/301021663OFFWHITE_1_800x.jpg?v=1753942552","https://cdn.shopify.com/s/files/1/0266/6276/4597/files/301021663OFFWHITE_2_800x.jpg?v=1753942552","https://cdn.shopify.com/s/files/1/0266/6276/4597/files/301021663OFFWHITE_3_800x.jpg?v=1753942552","Studiofit","Studiofit White Self-Textured Relaxed-Fit Cotton-Blend T-Shirt","Dusty Pink","White","https://www.westside.com/cdn/shop/products/301021663DustyPink_5.jpg","https://www.westside.com/cdn/shop/products/301021663White_5.jpg","₹ 899.00","Olive","https://www.westside.com/cdn/shop/products/301021663Olive_5.jpg","https://www.westside.com/cdn/shop/products/301021663DarkBlue_5.jpg","Dark Blue"
"https://www.westside.com/products/studiofit-dark-blue-slim-fit-quarter-zip-t-shirt-301022758?variant=44544384303157","https://cdn.shopify.com/s/files/1/0266/6276/4597/files/301022758MIDBLUE_2_800x.jpg?v=1750134472","https://cdn.shopify.com/s/files/1/0266/6276/4597/files/301022758MIDBLUE_1_800x.jpg?v=1750134472","https://cdn.shopify.com/s/files/1/0266/6276/4597/files/301022758MIDBLUE_3_800x.jpg?v=1749709965","Studiofit","Studiofit Dark Blue Slim-Fit Quarter-Zip T-Shirt","","","","","₹ 999.00","","","",""
"https://www.westside.com/products/wes-casuals-navy-relaxed-fit-cotton-blend-polo-t-shirt-301026752?variant=44604631416885","https://cdn.shopify.com/s/files/1/0266/6276/4597/files/301026752NAVY_1_800x.jpg?v=1753942520","https://cdn.shopify.com/s/files/1/0266/6276/4597/files/301026752NAVY_2_800x.jpg?v=1753942520","https://cdn.shopify.com/s/files/1/0266/6276/4597/files/301026752NAVY_3_800x.jpg?v=1753942520","WES Casuals","WES Casuals Navy Relaxed-Fit Cotton-Blend Polo T-Shirt","Navy","Teal","https://www.westside.com/cdn/shop/products/301026752Navy_5.jpg","https://www.westside.com/cdn/shop/products/301026752Teal_5.jpg","₹ 999.00","Beige","https://www.westside.com/cdn/shop/products/301026752Beige_5.jpg","",""
"https://www.westside.com/products/wes-lounge-white-stripe-relaxed-fit-cotton-blend-t-shirt-301019985?variant=44544947290165","https://cdn.shopify.com/s/files/1/0266/6276/4597/files/301019985OFFWHITE_1_800x.jpg?v=1749738097","https://cdn.shopify.com/s/files/1/0266/6276/4597/files/301019985OFFWHITE_2_800x.jpg?v=1749738095","https://cdn.shopify.com/s/files/1/0266/6276/4597/files/301019985OFFWHITE_3_800x.jpg?v=1749738097","WES Lounge","WES Lounge White Stripe Relaxed-Fit Cotton-Blend T-Shirt","","","","","₹ 599.00","","","",""
"https://www.westside.com/products/wes-lounge-beige-stripe-relaxed-fit-cotton-blend-t-shirt-301019666?variant=44544946176053","https://cdn.shopify.com/s/files/1/0266/6276/4597/files/301019666BEIGE_1_800x.jpg?v=1749738094","https://cdn.shopify.com/s/files/1/0266/6276/4597/files/301019666BEIGE_2_800x.jpg?v=1749738095","https://cdn.shopify.com/s/files/1/0266/6276/4597/files/301019666BEIGE_3_800x.jpg?v=1749738096","WES Lounge","WES Lounge Beige Stripe Relaxed-Fit Cotton-Blend T-Shirt","","","","","₹ 599.00","","","",""
"https://www.westside.com/products/nuon-dark-brown-stripe-patterned-relaxed-fit-t-shirt-301029428?variant=44604626599989","https://cdn.shopify.com/s/files/1/0266/6276/4597/files/301029428BROWN_1_800x.jpg?v=1753942521","https://cdn.shopify.com/s/files/1/0266/6276/4597/files/301029428BROWN_2_800x.jpg?v=1753942521","https://cdn.shopify.com/s/files/1/0266/6276/4597/files/301029428BROWN_3_800x.jpg?v=1753942521","Nuon","Nuon Dark Brown Stripe Patterned Relaxed-Fit T-Shirt","Sage","Blue","https://www.westside.com/cdn/shop/products/301029428Sage_5.jpg","https://www.westside.com/cdn/shop/products/301029428Blue_5.jpg","₹ 599.00","Dark Brown","https://www.westside.com/cdn/shop/products/301029428DarkBrown_5.jpg","",""
"https://www.westside.com/products/wes-lounge-turquoise-relaxed-fit-cotton-blend-t-shirt-301019754?variant=44647318847541","https://cdn.shopify.com/s/files/1/0266/6276/4597/files/301019754OFFWHITE_1_800x.jpg?v=1755168116","https://cdn.shopify.com/s/files/1/0266/6276/4597/files/301019754OFFWHITE_2_800x.jpg?v=1755168118","https://cdn.shopify.com/s/files/1/0266/6276/4597/files/301019754OFFWHITE_3_800x.jpg?v=1755168117","WES Lounge","WES Lounge Turquoise Relaxed-Fit Cotton-Blend T-Shirt","","","","","₹ 599.00","","","",""
"https://www.westside.com/products/wes-lounge-navy-solid-relaxed-fit-cotton-blend-t-shirt-301019986?variant=44544946339893","https://cdn.shopify.com/s/files/1/0266/6276/4597/files/301019986NAVY_1_800x.jpg?v=1749738104","https://cdn.shopify.com/s/files/1/0266/6276/4597/files/301019986NAVY_2_800x.jpg?v=1749738104","https://cdn.shopify.com/s/files/1/0266/6276/4597/files/301019986NAVY_3_800x.jpg?v=1749738104","WES Lounge","WES Lounge Navy Solid Relaxed-Fit Cotton-Blend T-Shirt","","","","","₹ 599.00","","","",""
"https://www.westside.com/products/nuon-white-printed-relaxed-fit-cotton-t-shirt-301022537?variant=44544394625077","https://cdn.shopify.com/s/files/1/0266/6276/4597/files/301022537WHITE_1_800x.jpg?v=1749709963","https://cdn.shopify.com/s/files/1/0266/6276/4597/files/301022537WHITE_2_800x.jpg?v=1749709963","https://cdn.shopify.com/s/files/1/0266/6276/4597/files/301022537WHITE_3_800x.jpg?v=1749709963","Nuon","Nuon White Printed Relaxed-Fit Cotton T-Shirt","","","","","₹ 599.00","","","",""
"https://www.westside.com/products/ascot-navy-relaxed-fit-quarter-zip-polo-t-shirt-301029618?variant=44584136015925","https://cdn.shopify.com/s/files/1/0266/6276/4597/files/301029618NAVY_1_800x.jpg?v=1752143622","https://cdn.shopify.com/s/files/1/0266/6276/4597/files/301029618NAVY_2_800x.jpg?v=1752143622","https://cdn.shopify.com/s/files/1/0266/6276/4597/files/301029618NAVY_3_800x.jpg?v=1752143622","Ascot","Ascot Navy Relaxed-Fit Quarter-Zip Polo T-Shirt","Off-White","Taupe","https://www.westside.com/cdn/shop/products/301029618Off-White_5.jpg","https://www.westside.com/cdn/shop/products/301029618Taupe_5.jpg","₹ 1,499.00","Navy","https://www.westside.com/cdn/shop/products/301029618Navy_5.jpg","",""
"https://www.westside.com/products/eta-taupe-knit-textured-relaxed-fit-polo-t-shirt-301019250?variant=44533111914549","https://cdn.shopify.com/s/files/1/0266/6276/4597/files/301019250TAUPE_1_800x.jpg?v=1749738658","https://cdn.shopify.com/s/files/1/0266/6276/4597/files/301019250TAUPE_2_800x.jpg?v=1749738658","https://cdn.shopify.com/s/files/1/0266/6276/4597/files/301019250TAUPE_3_800x.jpg?v=1749536209","ETA","ETA Taupe Knit-Textured Relaxed-Fit Polo T-Shirt","Taupe","Sage","https://www.westside.com/cdn/shop/products/301019250Taupe_5.jpg","https://www.westside.com/cdn/shop/products/301019250Sage_5.jpg","₹ 999.00","","","",""
"https://www.westside.com/products/nuon-white-printed-relaxed-fit-cotton-t-shirt-301022546?variant=44594454560821","https://cdn.shopify.com/s/files/1/0266/6276/4597/files/301022546OFFWHITE_1_800x.jpg?v=1752127526","https://cdn.shopify.com/s/files/1/0266/6276/4597/files/301022546OFFWHITE_2_800x.jpg?v=1752127526","https://cdn.shopify.com/s/files/1/0266/6276/4597/files/301022546OFFWHITE_3_800x.jpg?v=1752127526","Nuon","Nuon White Printed Relaxed-Fit Cotton T-Shirt","","","","","₹ 899.00","","","",""
"https://www.westside.com/products/studiofit-beige-text-printed-relaxed-fit-cotton-t-shirt-301022743?variant=44608176128053","https://cdn.shopify.com/s/files/1/0266/6276/4597/files/301022743BEIGE_1_800x.jpg?v=1752844986","https://cdn.shopify.com/s/files/1/0266/6276/4597/files/301022743BEIGE_2_800x.jpg?v=1752844987","https://cdn.shopify.com/s/files/1/0266/6276/4597/files/301022743BEIGE_3_800x.jpg?v=1752844986","Studiofit","Studiofit Beige Text Printed Relaxed-Fit Cotton T-Shirt","","","","","₹ 899.00","","","",""
"https://www.westside.com/products/studiofit-white-text-relaxed-fit-cotton-blend-t-shirt-301026871?variant=44594467668021","https://cdn.shopify.com/s/files/1/0266/6276/4597/files/301026871OFFWHITE_1_800x.jpg?v=1752127530","https://cdn.shopify.com/s/files/1/0266/6276/4597/files/301026871OFFWHITE_2_800x.jpg?v=1752127530","https://cdn.shopify.com/s/files/1/0266/6276/4597/files/301026871OFFWHITE_3_800x.jpg?v=1752127531","Studiofit","Studiofit White Text Relaxed-Fit Cotton-Blend T-Shirt","","","","","₹ 899.00","","","",""
"https://www.westside.com/products/studiofit-dark-grey-stripe-relaxed-fit-cotton-blend-t-shirt-301032078?variant=44606072619061","https://cdn.shopify.com/s/files/1/0266/6276/4597/files/301032078DKGREY_1_800x.jpg?v=1753942521","https://cdn.shopify.com/s/files/1/0266/6276/4597/files/301032078DKGREY_2_800x.jpg?v=1753942521","https://cdn.shopify.com/s/files/1/0266/6276/4597/files/301032078DKGREY_3_800x.jpg?v=1753942521","Studiofit","Studiofit Dark Grey Stripe Relaxed-Fit Cotton-Blend T-Shirt","White","Dark Grey","https://www.westside.com/cdn/shop/products/301032078White_5.jpg","https://www.westside.com/cdn/shop/products/301032078DarkGrey_5.jpg","₹ 899.00","","","",""
"https://www.westside.com/products/studiofit-dusty-pink-self-textured-relaxed-fit-cotton-blend-t-shirt-301021663?variant=44608175210549","https://cdn.shopify.com/s/files/1/0266/6276/4597/files/301021663PINK_1_800x.jpg?v=1753942520","https://cdn.shopify.com/s/files/1/0266/6276/4597/files/301021663PINK_2_800x.jpg?v=1753942520","https://cdn.shopify.com/s/files/1/0266/6276/4597/files/301021663PINK_3_800x.jpg?v=1753942520","Studiofit","Studiofit Dusty Pink Self-Textured Relaxed-Fit Cotton-Blend T-Shirt","Dusty Pink","White","https://www.westside.com/cdn/shop/products/301021663DustyPink_5.jpg","https://www.westside.com/cdn/shop/products/301021663White_5.jpg","₹ 899.00","Olive","https://www.westside.com/cdn/shop/products/301021663Olive_5.jpg","https://www.westside.com/cdn/shop/products/301021663DarkBlue_5.jpg","Dark Blue"
"https://www.westside.com/products/nuon-pink-stripe-printed-relaxed-fit-cotton-blend-t-shirt-301019151?variant=44544389316661","https://cdn.shopify.com/s/files/1/0266/6276/4597/files/301019151PINK_1_800x.jpg?v=1750139422","https://cdn.shopify.com/s/files/1/0266/6276/4597/files/301019151PINK_2_800x.jpg?v=1750139422","https://cdn.shopify.com/s/files/1/0266/6276/4597/files/301019151PINK_3_800x.jpg?v=1750139422","Nuon","Nuon Pink Stripe Printed Relaxed-Fit Cotton-Blend T-Shirt","Brown","Pink","https://www.westside.com/cdn/shop/products/301019151Brown_5.jpg","https://www.westside.com/cdn/shop/products/301019151Pink_5.jpg","₹ 599.00","","","",""
"https://www.westside.com/products/wes-lounge-teal-textured-relaxed-fit-cotton-blend-t-shirt-301019749?variant=44544942407733","https://cdn.shopify.com/s/files/1/0266/6276/4597/files/301019749TEAL_1_800x.jpg?v=1749738097","https://cdn.shopify.com/s/files/1/0266/6276/4597/files/301019749TEAL_2_800x.jpg?v=1749738098","https://cdn.shopify.com/s/files/1/0266/6276/4597/files/301019749TEAL_3_800x.jpg?v=1749738097","WES Lounge","WES Lounge Teal Textured Relaxed-Fit Cotton-Blend T-Shirt","","","","","₹ 599.00","","","",""
"https://www.westside.com/products/wes-lounge-white-textured-relaxed-fit-cotton-blend-t-shirt-301019750?variant=44544941916213","https://cdn.shopify.com/s/files/1/0266/6276/4597/files/301019750OFFWHITE_1_800x.jpg?v=1749738065","https://cdn.shopify.com/s/files/1/0266/6276/4597/files/301019750OFFWHITE_2_800x.jpg?v=1749738064","https://cdn.shopify.com/s/files/1/0266/6276/4597/files/301019750OFFWHITE_3_800x.jpg?v=1749738064","WES Lounge","WES Lounge White Textured Relaxed-Fit Cotton-Blend T-Shirt","","","","","₹ 599.00","","","",""
"https://www.westside.com/products/nuon-beige-printed-relaxed-fit-cotton-t-shirt-301022540?variant=44544389808181","https://cdn.shopify.com/s/files/1/0266/6276/4597/files/301022540BEIGE_1_800x.jpg?v=1749709964","https://cdn.shopify.com/s/files/1/0266/6276/4597/files/301022540BEIGE_2_800x.jpg?v=1749709964","https://cdn.shopify.com/s/files/1/0266/6276/4597/files/301022540BEIGE_3_800x.jpg?v=1749709964","Nuon","Nuon Beige Printed Relaxed-Fit Cotton T-Shirt","","","","","₹ 599.00","","","",""
"https://www.westside.com/products/nuon-brown-striped-relaxed-fit-cotton-blend-t-shirt-301019151?variant=44544388005941","https://cdn.shopify.com/s/files/1/0266/6276/4597/files/301019151BROWN_1_800x.jpg?v=1750139422","https://cdn.shopify.com/s/files/1/0266/6276/4597/files/301019151BROWN_2_800x.jpg?v=1750139422","https://cdn.shopify.com/s/files/1/0266/6276/4597/files/301019151BROWN_3_800x.jpg?v=1750139422","Nuon","Nuon Brown Striped Relaxed-Fit Cotton-Blend T-Shirt","Brown","Pink","https://www.westside.com/cdn/shop/products/301019151Brown_5.jpg","https://www.westside.com/cdn/shop/products/301019151Pink_5.jpg","₹ 599.00","","","",""
"https://www.westside.com/products/wes-casuals-teal-relaxed-fit-cotton-blend-polo-t-shirt-301026752?variant=44604617949237","https://cdn.shopify.com/s/files/1/0266/6276/4597/files/301026752TEAL_1_800x.jpg?v=1753942522","https://cdn.shopify.com/s/files/1/0266/6276/4597/files/301026752TEAL_2_800x.jpg?v=1753942522","https://cdn.shopify.com/s/files/1/0266/6276/4597/files/301026752TEAL_3_800x.jpg?v=1753942522","WES Casuals","WES Casuals Teal Relaxed-Fit Cotton-Blend Polo T-Shirt","Navy","Teal","https://www.westside.com/cdn/shop/products/301026752Navy_5.jpg","https://www.westside.com/cdn/shop/products/301026752Teal_5.jpg","₹ 999.00","Beige","https://www.westside.com/cdn/shop/products/301026752Beige_5.jpg","",""
"https://www.westside.com/products/wes-formals-navy-slim-fit-cotton-polo-t-shirt-301020476?variant=44462342668341","https://cdn.shopify.com/s/files/1/0266/6276/4597/files/301020476NAVY_1_800x.jpg?v=1745844549","https://cdn.shopify.com/s/files/1/0266/6276/4597/files/301020476NAVY_2_800x.jpg?v=1745844549","https://cdn.shopify.com/s/files/1/0266/6276/4597/files/301020476NAVY_3_800x.jpg?v=1745844549","WES Formals","WES Formals Navy Slim-Fit Cotton Polo T-Shirt","White","Dusty Blue","https://www.westside.com/cdn/shop/products/301020476White_5.jpg","https://www.westside.com/cdn/shop/products/301020476DustyBlue_5.jpg","₹ 1,299.00","Sage","https://www.westside.com/cdn/shop/products/301020476Sage_5.jpg","https://www.westside.com/cdn/shop/products/301020476Navy_5.jpg","Navy"
"https://www.westside.com/products/studiofit-white-relaxed-fit-cotton-blend-t-shirt-301021669?variant=44594424512565","https://cdn.shopify.com/s/files/1/0266/6276/4597/files/301021669OFFWHITE_1_800x.jpg?v=1752127527","https://cdn.shopify.com/s/files/1/0266/6276/4597/files/301021669OFFWHITE_2_800x.jpg?v=1752127526","https://cdn.shopify.com/s/files/1/0266/6276/4597/files/301021669OFFWHITE_3_800x.jpg?v=1752127527","Studiofit","Studiofit White Relaxed-Fit Cotton-Blend T-Shirt","","","","","₹ 999.00","","","",""
"https://www.westside.com/products/nuon-white-text-design-relaxed-fit-cotton-t-shirt-301022541?variant=44544394952757","https://cdn.shopify.com/s/files/1/0266/6276/4597/files/301022541WHITE_1_800x.jpg?v=1749709964","https://cdn.shopify.com/s/files/1/0266/6276/4597/files/301022541WHITE_2_800x.jpg?v=1749709964","https://cdn.shopify.com/s/files/1/0266/6276/4597/files/301022541WHITE_3_800x.jpg?v=1749709970","Nuon","Nuon White Text Design Relaxed-Fit Cotton T-Shirt","","","","","₹ 599.00","","","",""
"https://www.westside.com/products/wes-casuals-beige-relaxed-fit-cotton-blend-polo-t-shirt-301026752?variant=44604632301621","https://cdn.shopify.com/s/files/1/0266/6276/4597/files/301026752OFFWHITE_1_800x.jpg?v=1753942520","https://cdn.shopify.com/s/files/1/0266/6276/4597/files/301026752OFFWHITE_2_800x.jpg?v=1753942520","https://cdn.shopify.com/s/files/1/0266/6276/4597/files/301026752OFFWHITE_3_800x.jpg?v=1753942520","WES Casuals","WES Casuals Beige Relaxed-Fit Cotton-Blend Polo T-Shirt","Navy","Teal","https://www.westside.com/cdn/shop/products/301026752Navy_5.jpg","https://www.westside.com/cdn/shop/products/301026752Teal_5.jpg","₹ 999.00","Beige","https://www.westside.com/cdn/shop/products/301026752Beige_5.jpg","",""
"https://www.westside.com/products/nuon-black-stripe-printed-relaxed-fit-t-shirt-301029420?variant=44604619194421","https://cdn.shopify.com/s/files/1/0266/6276/4597/files/301029420BLACK_1_800x.jpg?v=1752641406","https://cdn.shopify.com/s/files/1/0266/6276/4597/files/301029420BLACK_2_800x.jpg?v=1752641406","https://cdn.shopify.com/s/files/1/0266/6276/4597/files/301029420BLACK_3_800x.jpg?v=1752641406","Nuon","Nuon Black Stripe Printed Relaxed-Fit T-Shirt","","","","","₹ 599.00","","","",""
"https://www.westside.com/products/ascot-taupe-knit-textured-relaxed-fit-cotton-blend-t-shirt-301027240?variant=44556187369525","https://cdn.shopify.com/s/files/1/0266/6276/4597/files/301027240CAMEL_1_800x.jpg?v=1750412955","https://cdn.shopify.com/s/files/1/0266/6276/4597/files/301027240CAMEL_2_800x.jpg?v=1750412955","https://cdn.shopify.com/s/files/1/0266/6276/4597/files/301027240CAMEL_3_800x.jpg?v=1750412955","Ascot","Ascot Taupe Knit-Textured Relaxed-Fit Cotton-Blend T-Shirt","Taupe","Light Yellow","https://www.westside.com/cdn/shop/products/301027240Taupe_5.jpg","https://www.westside.com/cdn/shop/products/301027240LightYellow_5.jpg","₹ 1,299.00","","","",""
"https://www.westside.com/products/wes-lounge-white-stripe-relaxed-fit-cotton-blend-t-shirt-301019751?variant=44544940769333","https://cdn.shopify.com/s/files/1/0266/6276/4597/files/301019751OFFWHITE_1_800x.jpg?v=1749738097","https://cdn.shopify.com/s/files/1/0266/6276/4597/files/301019751OFFWHITE_2_800x.jpg?v=1749738095","https://cdn.shopify.com/s/files/1/0266/6276/4597/files/301019751OFFWHITE_3_800x.jpg?v=1749738097","WES Lounge","WES Lounge White Stripe Relaxed-Fit Cotton-Blend T-Shirt","","","","","₹ 599.00","","","",""
"https://www.westside.com/products/ascot-light-yellow-relaxed-fit-cotton-blend-t-shirt-301027240?variant=44556193398837","https://cdn.shopify.com/s/files/1/0266/6276/4597/files/301027240BUTTERCREAM_1_800x.jpg?v=1750412955","https://cdn.shopify.com/s/files/1/0266/6276/4597/files/301027240BUTTERCREAM_2_800x.jpg?v=1750412955","https://cdn.shopify.com/s/files/1/0266/6276/4597/files/301027240BUTTERCREAM_3_800x.jpg?v=1750412955","Ascot","Ascot Light Yellow Relaxed-Fit Cotton-Blend T-Shirt","Taupe","Light Yellow","https://www.westside.com/cdn/shop/products/301027240Taupe_5.jpg","https://www.westside.com/cdn/shop/products/301027240LightYellow_5.jpg","₹ 1,299.00","","","",""
"https://www.westside.com/products/studiofit-white-solid-quarter-zip-cotton-blend-t-shirt-301015424?variant=44406230220853","https://cdn.shopify.com/s/files/1/0266/6276/4597/files/301015424OFFWHITE_1_800x.jpg?v=1743672857","https://cdn.shopify.com/s/files/1/0266/6276/4597/files/301015424OFFWHITE_2_800x.jpg?v=1743672857","https://cdn.shopify.com/s/files/1/0266/6276/4597/files/301015424OFFWHITE_3_800x.jpg?v=1743672857","Studiofit","Studiofit White Solid Quarter Zip Cotton-Blend T-Shirt","","","https://www.westside.com/cdn/shop/products/301015424White_5.jpg","https://www.westside.com/cdn/shop/products/301015424Black_5.jpg","₹ 999.00","","","",""
"https://www.westside.com/products/ascot-light-blue-textured-relaxed-fit-cotton-blend-t-shirt-301027242?variant=44556192743477","https://cdn.shopify.com/s/files/1/0266/6276/4597/files/301027242LIGHTBLUE_1_800x.jpg?v=1750344296","https://cdn.shopify.com/s/files/1/0266/6276/4597/files/301027242LIGHTBLUE_2_800x.jpg?v=1750344295","https://cdn.shopify.com/s/files/1/0266/6276/4597/files/301027242LIGHTBLUE_3_800x.jpg?v=1750344296","Ascot","Ascot Light Blue Textured Relaxed-Fit Cotton-Blend T-Shirt","","","","","₹ 1,299.00","","","",""
"https://www.westside.com/products/studiofit-light-blue-typographic-relaxed-fit-cotton-t-shirt-301018898?variant=44533109096501","https://cdn.shopify.com/s/files/1/0266/6276/4597/files/301018898LILAC_2_800x.jpg?v=1750134485","https://cdn.shopify.com/s/files/1/0266/6276/4597/files/301018898LILAC_1_800x.jpg?v=1750134485","https://cdn.shopify.com/s/files/1/0266/6276/4597/files/301018898LILAC_3_800x.jpg?v=1749144392","Studiofit","Studiofit Light Blue Typographic Relaxed-Fit Cotton T-Shirt","","","","","₹ 899.00","","","",""
"https://www.westside.com/products/eta-mustard-textured-relaxed-fit-cotton-blend-t-shirt-301022499?variant=44544396329013","https://cdn.shopify.com/s/files/1/0266/6276/4597/files/301022499MUSTARD_1_800x.jpg?v=1750139422","https://cdn.shopify.com/s/files/1/0266/6276/4597/files/301022499MUSTARD_2_800x.jpg?v=1750139422","https://cdn.shopify.com/s/files/1/0266/6276/4597/files/301022499MUSTARD_3_800x.jpg?v=1750139422","ETA","ETA Mustard Textured Relaxed-Fit Cotton-Blend T-Shirt","Dusty Pink","Mustard","https://www.westside.com/cdn/shop/products/301022499DustyPink_5.jpg","https://www.westside.com/cdn/shop/products/301022499Mustard_5.jpg","₹ 699.00","","","",""
"https://www.westside.com/products/wes-casuals-beige-striped-relaxed-fit-cotton-t-shirt-301027284?variant=44594447974453","https://cdn.shopify.com/s/files/1/0266/6276/4597/files/301027284BEIGE_1_800x.jpg?v=1753942520","https://cdn.shopify.com/s/files/1/0266/6276/4597/files/301027284BEIGE_2_800x.jpg?v=1753942520","https://cdn.shopify.com/s/files/1/0266/6276/4597/files/301027284BEIGE_3_800x.jpg?v=1753942520","WES Casuals","WES Casuals Beige Striped Relaxed-Fit Cotton T-Shirt","Beige","Navy","https://www.westside.com/cdn/shop/products/301027284Beige_5.jpg","https://www.westside.com/cdn/shop/products/301027284Navy_5.jpg","₹ 699.00","","","",""
"https://www.westside.com/products/studiofit-black-solid-quarter-zip-cotton-blend-t-shirt-301015424?variant=44406232940597","https://cdn.shopify.com/s/files/1/0266/6276/4597/files/301015424BLACK_1_800x.jpg?v=1743672858","https://cdn.shopify.com/s/files/1/0266/6276/4597/files/301015424BLACK_2_800x.jpg?v=1743672858","https://cdn.shopify.com/s/files/1/0266/6276/4597/files/301015424BLACK_3_800x.jpg?v=1743672858","Studiofit","Studiofit Black Solid Quarter Zip Cotton-Blend T-Shirt","","","https://www.westside.com/cdn/shop/products/301015424White_5.jpg","https://www.westside.com/cdn/shop/products/301015424Black_5.jpg","₹ 999.00","","","",""
"https://www.westside.com/products/eta-sage-self-striped-knitted-relaxed-fit-polo-t-shirt-301019250?variant=44531610058805","https://cdn.shopify.com/s/files/1/0266/6276/4597/files/301019250SAGE_1_800x.jpg?v=1749738686","https://cdn.shopify.com/s/files/1/0266/6276/4597/files/301019250SAGE_2_800x.jpg?v=1749738686","https://cdn.shopify.com/s/files/1/0266/6276/4597/files/301019250SAGE_3_800x.jpg?v=1749536208","ETA","ETA Sage Self-Striped Knitted Relaxed-Fit Polo T-Shirt","Taupe","Sage","https://www.westside.com/cdn/shop/products/301019250Taupe_5.jpg","https://www.westside.com/cdn/shop/products/301019250Sage_5.jpg","₹ 999.00","","","",""
"https://www.westside.com/products/eta-dusty-pink-textured-relaxed-fit-cotton-blend-t-shirt-301022499?variant=44544396492853","https://cdn.shopify.com/s/files/1/0266/6276/4597/files/301022499DUSTYPINK_1_800x.jpg?v=1750139423","https://cdn.shopify.com/s/files/1/0266/6276/4597/files/301022499DUSTYPINK_2_800x.jpg?v=1750139423","https://cdn.shopify.com/s/files/1/0266/6276/4597/files/301022499DUSTYPINK_3_800x.jpg?v=1750139423","ETA","ETA Dusty Pink Textured Relaxed-Fit Cotton-Blend T-Shirt","Dusty Pink","Mustard","https://www.westside.com/cdn/shop/products/301022499DustyPink_5.jpg","https://www.westside.com/cdn/shop/products/301022499Mustard_5.jpg","₹ 699.00","","","",""
"https://www.westside.com/products/wes-lounge-white-striped-relaxed-fit-cotton-blend-t-shirt-301019983?variant=44544946831413","https://cdn.shopify.com/s/files/1/0266/6276/4597/files/301019983OFFWHITE_1_800x.jpg?v=1749738094","https://cdn.shopify.com/s/files/1/0266/6276/4597/files/301019983OFFWHITE_2_800x.jpg?v=1749738100","https://cdn.shopify.com/s/files/1/0266/6276/4597/files/301019983OFFWHITE_3_800x.jpg?v=1749738096","WES Lounge","WES Lounge White Striped Relaxed-Fit Cotton-Blend T-Shirt","","","","","₹ 599.00","","","",""
"https://www.westside.com/products/ascot-taupe-stripe-relaxed-fit-cotton-blend-polo-t-shirt-301027243?variant=44568699207733","https://cdn.shopify.com/s/files/1/0266/6276/4597/files/301027243TAUPE_1_800x.jpg?v=1751013543","https://cdn.shopify.com/s/files/1/0266/6276/4597/files/301027243TAUPE_2_800x.jpg?v=1751013543","https://cdn.shopify.com/s/files/1/0266/6276/4597/files/301027243TAUPE_3_800x.jpg?v=1751013543","Ascot","Ascot Taupe Stripe Relaxed-Fit Cotton-Blend Polo T-Shirt","Black","Taupe","https://www.westside.com/cdn/shop/products/301027243Black_5.jpg","https://www.westside.com/cdn/shop/products/301027243Taupe_5.jpg","₹ 1,499.00","","","",""
"https://www.westside.com/products/nuon-off-white-printed-relaxed-fit-cotton-t-shirt-301027290?variant=44568510726197","https://cdn.shopify.com/s/files/1/0266/6276/4597/files/301027290WHITE_1_800x.jpg?v=1750941321","https://cdn.shopify.com/s/files/1/0266/6276/4597/files/301027290WHITE_2_800x.jpg?v=1750941317","https://cdn.shopify.com/s/files/1/0266/6276/4597/files/301027290WHITE_3_800x.jpg?v=1750941318","Nuon","Nuon Off-White Printed Relaxed-Fit Cotton T-Shirt","","","","","₹ 899.00","","","",""
"https://www.westside.com/products/studiofit-white-striped-relaxed-fit-cotton-blend-t-shirt-301032078?variant=44606071963701","https://cdn.shopify.com/s/files/1/0266/6276/4597/files/301032078OFFWHITE_1_800x.jpg?v=1753942521","https://cdn.shopify.com/s/files/1/0266/6276/4597/files/301032078OFFWHITE_2_800x.jpg?v=1753942521","https://cdn.shopify.com/s/files/1/0266/6276/4597/files/301032078OFFWHITE_3_800x.jpg?v=1753942521","Studiofit","Studiofit White Striped Relaxed-Fit Cotton-Blend T-Shirt","White","Dark Grey","https://www.westside.com/cdn/shop/products/301032078White_5.jpg","https://www.westside.com/cdn/shop/products/301032078DarkGrey_5.jpg","₹ 899.00","","","",""
"https://www.westside.com/products/studiofit-beige-stripe-relaxed-fit-cotton-blend-t-shirt-301026753?variant=44556020252725","https://cdn.shopify.com/s/files/1/0266/6276/4597/files/301026753BEIGE_1_800x.jpg?v=1750334068","https://cdn.shopify.com/s/files/1/0266/6276/4597/files/301026753BEIGE_2_800x.jpg?v=1750334069","https://cdn.shopify.com/s/files/1/0266/6276/4597/files/301026753BEIGE_3_800x.jpg?v=1750334071","Studiofit","Studiofit Beige Stripe Relaxed-Fit Cotton-Blend T-Shirt","","","","","₹ 899.00","","","",""
"https://www.westside.com/products/studiofit-beige-relaxed-fit-cotton-blend-t-shirt-301021665?variant=44544394002485","https://cdn.shopify.com/s/files/1/0266/6276/4597/files/301021665BEIGE_1_800x.jpg?v=1749709902","https://cdn.shopify.com/s/files/1/0266/6276/4597/files/301021665BEIGE_2_800x.jpg?v=1749709902","https://cdn.shopify.com/s/files/1/0266/6276/4597/files/301021665BEIGE_3_800x.jpg?v=1749709903","Studiofit","Studiofit Beige Relaxed-Fit Cotton-Blend T-Shirt","","","","","₹ 699.00","","","",""
"https://www.westside.com/products/wes-casuals-wine-relaxed-fit-cotton-blend-polo-t-shirt-301026225?variant=44544942800949","https://cdn.shopify.com/s/files/1/0266/6276/4597/files/301026225WINE_1_800x.jpg?v=1750139423","https://cdn.shopify.com/s/files/1/0266/6276/4597/files/301026225WINE_2_800x.jpg?v=1750139423","https://cdn.shopify.com/s/files/1/0266/6276/4597/files/301026225WINE_3_800x.jpg?v=1750139423","WES Casuals","WES Casuals Wine Relaxed-Fit Cotton-Blend Polo T-Shirt","Wine","Navy","https://www.westside.com/cdn/shop/products/301026225Wine_5.jpg","https://www.westside.com/cdn/shop/products/301026225Navy_5.jpg","₹ 999.00","Sage","https://www.westside.com/cdn/shop/products/301026225Sage_5.jpg","https://www.westside.com/cdn/shop/products/301026225Blue_5.jpg","Blue"
"https://www.westside.com/products/eta-navy-solid-relaxed-fit-cotton-t-shirt-301021076?variant=44556014714933","https://cdn.shopify.com/s/files/1/0266/6276/4597/files/301021076NAVY_1_800x.jpg?v=1750334002","https://cdn.shopify.com/s/files/1/0266/6276/4597/files/301021076NAVY_2_800x.jpg?v=1750334002","https://cdn.shopify.com/s/files/1/0266/6276/4597/files/301021076NAVY_3_800x.jpg?v=1750334002","ETA","ETA Navy Solid Relaxed-Fit Cotton T-Shirt","","","","","₹ 799.00","","","",""
"https://www.westside.com/products/wes-casuals-sage-relaxed-fit-cotton-blend-polo-t-shirt-301026225?variant=44544939819061","https://cdn.shopify.com/s/files/1/0266/6276/4597/files/301026225SAGE_1_800x.jpg?v=1750139423","https://cdn.shopify.com/s/files/1/0266/6276/4597/files/301026225SAGE_2_800x.jpg?v=1750139423","https://cdn.shopify.com/s/files/1/0266/6276/4597/files/301026225SAGE_3_800x.jpg?v=1750139423","WES Casuals","WES Casuals Sage Relaxed-Fit Cotton-Blend Polo T-Shirt","","","https://www.westside.com/cdn/shop/products/301026225Wine_5.jpg","https://www.westside.com/cdn/shop/products/301026225Navy_5.jpg","₹ 999.00","","https://www.westside.com/cdn/shop/products/301026225Sage_5.jpg","https://www.westside.com/cdn/shop/products/301026225Blue_5.jpg",""
"https://www.westside.com/products/studiofit-white-text-relaxed-fit-cotton-blend-t-shirt-301026874?variant=44567955308597","https://cdn.shopify.com/s/files/1/0266/6276/4597/files/301026874OFFWHITE_1_800x.jpg?v=1750919505","https://cdn.shopify.com/s/files/1/0266/6276/4597/files/301026874OFFWHITE_2_800x.jpg?v=1750919515","https://cdn.shopify.com/s/files/1/0266/6276/4597/files/301026874OFFWHITE_3_800x.jpg?v=1750919499","Studiofit","Studiofit White Text Relaxed-Fit Cotton-Blend T-Shirt","","","","","₹ 899.00","","","",""
"https://www.westside.com/products/studiofit-off-white-relaxed-fit-cotton-blend-t-shirt-301021660?variant=44544390201397","https://cdn.shopify.com/s/files/1/0266/6276/4597/files/301021660OFFWHITE_1_800x.jpg?v=1749710091","https://cdn.shopify.com/s/files/1/0266/6276/4597/files/301021660OFFWHITE_2_800x.jpg?v=1749710091","https://cdn.shopify.com/s/files/1/0266/6276/4597/files/301021660OFFWHITE_3_800x.jpg?v=1749710091","Studiofit","Studiofit Off-White Relaxed-Fit Cotton-Blend T-Shirt","","","","","₹ 899.00","","","",""
"https://www.westside.com/products/wes-casuals-sage-relaxed-fit-cotton-blend-polo-t-shirt-301026225?variant=44544939819061","https://cdn.shopify.com/s/files/1/0266/6276/4597/files/301026225SAGE_1_800x.jpg?v=1750139423","https://cdn.shopify.com/s/files/1/0266/6276/4597/files/301026225SAGE_2_800x.jpg?v=1750139423","https://cdn.shopify.com/s/files/1/0266/6276/4597/files/301026225SAGE_3_800x.jpg?v=1750139423","WES Casuals","WES Casuals Sage Relaxed-Fit Cotton-Blend Polo T-Shirt","Wine","Navy","https://www.westside.com/cdn/shop/products/301026225Wine_5.jpg","https://www.westside.com/cdn/shop/products/301026225Navy_5.jpg","₹ 999.00","Sage","https://www.westside.com/cdn/shop/products/301026225Sage_5.jpg","https://www.westside.com/cdn/shop/products/301026225Blue_5.jpg","Blue"